group,var,file,ntime,n_dup_stamps,n_identical_data,n_identical_bounds,dup_indices
northeast_pacific/full_domain/hindcast/daily/raw/r20250912,so,so.nep.full.hcast.daily.raw.r20250912.199901-199912.nc,365,26,26,26.0,"[[322, 323], [322, 324], [322, 325], [322, 326], [322, 327], [322, 328], [322, 329], [322, 330]]"
northeast_pacific/full_domain/hindcast/daily/raw/r20250912,so,so.nep.full.hcast.daily.raw.r20250912.200101-200112.nc,365,29,0,29.0,"[[334, 336], [334, 337], [334, 338], [334, 339], [334, 340], [334, 341], [334, 342], [334, 343]]"
northeast_pacific/full_domain/hindcast/daily/raw/r20251001,so,so.nep.full.hcast.daily.raw.r20250912.199901-199912.nc,365,26,26,26.0,"[[322, 323], [322, 324], [322, 325], [322, 326], [322, 327], [322, 328], [322, 329], [322, 330]]"
northeast_pacific/full_domain/hindcast/daily/raw/r20251001,so,so.nep.full.hcast.daily.raw.r20250912.200101-200112.nc,365,29,0,29.0,"[[334, 336], [334, 337], [334, 338], [334, 339], [334, 340], [334, 341], [334, 342], [334, 343]]"
northeast_pacific/full_domain/hindcast/daily/regrid/r20250912,so,so.nep.full.hcast.daily.regrid.r20250912.199901-199912.nc,365,26,26,,"[[322, 323], [322, 324], [322, 325], [322, 326], [322, 327], [322, 328], [322, 329], [322, 330]]"
northeast_pacific/full_domain/hindcast/daily/regrid/r20250912,so,so.nep.full.hcast.daily.regrid.r20250912.200101-200112.nc,365,29,0,,"[[334, 336], [334, 337], [334, 338], [334, 339], [334, 340], [334, 341], [334, 342], [334, 343]]"
northeast_pacific/full_domain/hindcast/monthly/raw/r20250912,CN,CN.nep.full.hcast.monthly.raw.r20250912.199301-202506.nc,396,6,6,6.0,"[[384, 390], [385, 391], [386, 392], [387, 393], [388, 394], [389, 395]]"
northeast_pacific/full_domain/hindcast/monthly/raw/r20250912,BHEAT,BHEAT.nep.full.hcast.monthly.raw.r20250912.199301-202506.nc,396,6,6,6.0,"[[384, 390], [385, 391], [386, 392], [387, 393], [388, 394], [389, 395]]"
northeast_pacific/full_domain/hindcast/monthly/raw/r20250912,ALB,ALB.nep.full.hcast.monthly.raw.r20250912.199301-202506.nc,396,6,6,6.0,"[[384, 390], [385, 391], [386, 392], [387, 393], [388, 394], [389, 395]]"
northeast_pacific/full_domain/hindcast/monthly/raw/r20250912,BMELT,BMELT.nep.full.hcast.monthly.raw.r20250912.199301-202506.nc,396,6,6,6.0,"[[384, 390], [385, 391], [386, 392], [387, 393], [388, 394], [389, 395]]"
northeast_pacific/full_domain/hindcast/monthly/raw/r20250912,EXT,EXT.nep.full.hcast.monthly.raw.r20250912.199301-202506.nc,396,6,6,6.0,"[[384, 390], [385, 391], [386, 392], [387, 393], [388, 394], [389, 395]]"
northeast_pacific/full_domain/hindcast/monthly/raw/r20250912,EXT_MAX,EXT_MAX.nep.full.hcast.monthly.raw.r20250912.199301-202506.nc,396,6,6,6.0,"[[384, 390], [385, 391], [386, 392], [387, 393], [388, 394], [389, 395]]"
northeast_pacific/full_domain/hindcast/monthly/raw/r20250912,BSNK,BSNK.nep.full.hcast.monthly.raw.r20250912.199301-202506.nc,396,6,6,6.0,"[[384, 390], [385, 391], [386, 392], [387, 393], [388, 394], [389, 395]]"
northeast_pacific/full_domain/hindcast/monthly/raw/r20250912,E2MELT,E2MELT.nep.full.hcast.monthly.raw.r20250912.199301-202506.nc,396,6,6,6.0,"[[384, 390], [385, 391], [386, 392], [387, 393], [388, 394], [389, 395]]"
northeast_pacific/full_domain/hindcast/monthly/raw/r20250912,EXT_MIN,EXT_MIN.nep.full.hcast.monthly.raw.r20250912.199301-202506.nc,396,6,6,6.0,"[[384, 390], [385, 391], [386, 392], [387, 393], [388, 394], [389, 395]]"
northeast_pacific/full_domain/hindcast/monthly/raw/r20250912,FI_X,FI_X.nep.full.hcast.monthly.raw.r20250912.199301-202506.nc,396,6,6,6.0,"[[384, 390], [385, 391], [386, 392], [387, 393], [388, 394], [389, 395]]"
northeast_pacific/full_domain/hindcast/monthly/raw/r20250912,FA_X,FA_X.nep.full.hcast.monthly.raw.r20250912.199301-202506.nc,396,6,6,6.0,"[[384, 390], [385, 391], [386, 392], [387, 393], [388, 394], [389, 395]]"
northeast_pacific/full_domain/hindcast/monthly/raw/r20250912,FA_Y,FA_Y.nep.full.hcast.monthly.raw.r20250912.199301-202506.nc,396,6,6,6.0,"[[384, 390], [385, 391], [386, 392], [387, 393], [388, 394], [389, 395]]"
northeast_pacific/full_domain/hindcast/monthly/raw/r20250912,FI_Y,FI_Y.nep.full.hcast.monthly.raw.r20250912.199301-202506.nc,396,6,6,6.0,"[[384, 390], [385, 391], [386, 392], [387, 393], [388, 394], [389, 395]]"
northeast_pacific/full_domain/hindcast/monthly/raw/r20250912,IY_TRANS,IY_TRANS.nep.full.hcast.monthly.raw.r20250912.199301-202506.nc,396,6,6,6.0,"[[384, 390], [385, 391], [386, 392], [387, 393], [388, 394], [389, 395]]"
northeast_pacific/full_domain/hindcast/monthly/raw/r20250912,Heat_PmE,Heat_PmE.nep.full.hcast.monthly.raw.r20250912.199301-202506.nc,396,6,6,6.0,"[[384, 390], [385, 391], [386, 392], [387, 393], [388, 394], [389, 395]]"
northeast_pacific/full_domain/hindcast/monthly/raw/r20250912,IX_TRANS,IX_TRANS.nep.full.hcast.monthly.raw.r20250912.199301-202506.nc,396,6,6,6.0,"[[384, 390], [385, 391], [386, 392], [387, 393], [388, 394], [389, 395]]"
northeast_pacific/full_domain/hindcast/monthly/raw/r20250912,LwLatSens,LwLatSens.nep.full.hcast.monthly.raw.r20250912.199301-202506.nc,396,6,6,6.0,"[[384, 390], [385, 391], [386, 392], [387, 393], [388, 394], [389, 395]]"
northeast_pacific/full_domain/hindcast/monthly/raw/r20250912,MLD_003,MLD_003.nep.full.hcast.monthly.raw.r20250912.199301-202506.nc,396,6,6,6.0,"[[384, 390], [385, 391], [386, 392], [387, 393], [388, 394], [389, 395]]"
northeast_pacific/full_domain/hindcast/monthly/raw/r20250912,MLD_EN1,MLD_EN1.nep.full.hcast.monthly.raw.r20250912.199301-202506.nc,396,6,6,6.0,"[[384, 390], [385, 391], [386, 392], [387, 393], [388, 394], [389, 395]]"
northeast_pacific/full_domain/hindcast/monthly/raw/r20250912,SN2IC,SN2IC.nep.full.hcast.monthly.raw.r20250912.199301-202506.nc,396,6,6,6.0,"[[384, 390], [385, 391], [386, 392], [387, 393], [388, 394], [389, 395]]"
northeast_pacific/full_domain/hindcast/monthly/raw/r20250912,MSTAR,MSTAR.nep.full.hcast.monthly.raw.r20250912.199301-202506.nc,396,6,6,6.0,"[[384, 390], [385, 391], [386, 392], [387, 393], [388, 394], [389, 395]]"
northeast_pacific/full_domain/hindcast/monthly/raw/r20250912,MLD_restrat,MLD_restrat.nep.full.hcast.monthly.raw.r20250912.199301-202506.nc,396,6,6,6.0,"[[384, 390], [385, 391], [386, 392], [387, 393], [388, 394], [389, 395]]"
northeast_pacific/full_domain/hindcast/monthly/raw/r20250912,RAIN,RAIN.nep.full.hcast.monthly.raw.r20250912.199301-202506.nc,396,6,6,6.0,"[[384, 390], [385, 391], [386, 392], [387, 393], [388, 394], [389, 395]]"
northeast_pacific/full_domain/hindcast/monthly/raw/r20250912,S_adx_2d_rotate,S_adx_2d_rotate.nep.full.hcast.monthly.raw.r20250912.199301-202506.nc,396,6,6,,"[[384, 390], [385, 391], [386, 392], [387, 393], [388, 394], [389, 395]]"
northeast_pacific/full_domain/hindcast/monthly/raw/r20250912,S_ady_2d_rotate,S_ady_2d_rotate.nep.full.hcast.monthly.raw.r20250912.199301-202506.nc,396,6,6,,"[[384, 390], [385, 391], [386, 392], [387, 393], [388, 394], [389, 395]]"
northeast_pacific/full_domain/hindcast/monthly/raw/r20250912,STRENGTH_hf,STRENGTH_hf.nep.full.hcast.monthly.raw.r20250912.199301-202506.nc,396,6,6,6.0,"[[384, 390], [385, 391], [386, 392], [387, 393], [388, 394], [389, 395]]"
northeast_pacific/full_domain/hindcast/monthly/raw/r20250912,SNOWFL,SNOWFL.nep.full.hcast.monthly.raw.r20250912.199301-202506.nc,396,6,6,6.0,"[[384, 390], [385, 391], [386, 392], [387, 393], [388, 394], [389, 395]]"
northeast_pacific/full_domain/hindcast/monthly/raw/r20250912,SALTF,SALTF.nep.full.hcast.monthly.raw.r20250912.199301-202506.nc,396,6,6,6.0,"[[384, 390], [385, 391], [386, 392], [387, 393], [388, 394], [389, 395]]"
northeast_pacific/full_domain/hindcast/monthly/raw/r20250912,S_adx_2d,S_adx_2d.nep.full.hcast.monthly.raw.r20250912.199301-202506.nc,396,6,6,6.0,"[[384, 390], [385, 391], [386, 392], [387, 393], [388, 394], [389, 395]]"
northeast_pacific/full_domain/hindcast/monthly/raw/r20250912,S_ady_2d,S_ady_2d.nep.full.hcast.monthly.raw.r20250912.199301-202506.nc,396,6,6,6.0,"[[384, 390], [385, 391], [386, 392], [387, 393], [388, 394], [389, 395]]"
northeast_pacific/full_domain/hindcast/monthly/raw/r20250912,T2,T2.nep.full.hcast.monthly.raw.r20250912.199301-202506.nc,396,6,6,6.0,"[[384, 390], [385, 391], [386, 392], [387, 393], [388, 394], [389, 395]]"
northeast_pacific/full_domain/hindcast/monthly/raw/r20250912,TMELT,TMELT.nep.full.hcast.monthly.raw.r20250912.199301-202506.nc,396,6,6,6.0,"[[384, 390], [385, 391], [386, 392], [387, 393], [388, 394], [389, 395]]"
northeast_pacific/full_domain/hindcast/monthly/raw/r20250912,T_adx_2d_rotate,T_adx_2d_rotate.nep.full.hcast.monthly.raw.r20250912.199301-202506.nc,396,6,6,,"[[384, 390], [385, 391], [386, 392], [387, 393], [388, 394], [389, 395]]"
northeast_pacific/full_domain/hindcast/monthly/raw/r20250912,T3,T3.nep.full.hcast.monthly.raw.r20250912.199301-202506.nc,396,6,6,6.0,"[[384, 390], [385, 391], [386, 392], [387, 393], [388, 394], [389, 395]]"
northeast_pacific/full_domain/hindcast/monthly/raw/r20250912,T1,T1.nep.full.hcast.monthly.raw.r20250912.199301-202506.nc,396,6,6,6.0,"[[384, 390], [385, 391], [386, 392], [387, 393], [388, 394], [389, 395]]"
northeast_pacific/full_domain/hindcast/monthly/raw/r20250912,T_ady_2d_rotate,T_ady_2d_rotate.nep.full.hcast.monthly.raw.r20250912.199301-202506.nc,396,6,6,,"[[384, 390], [385, 391], [386, 392], [387, 393], [388, 394], [389, 395]]"
northeast_pacific/full_domain/hindcast/monthly/raw/r20250912,TSN,TSN.nep.full.hcast.monthly.raw.r20250912.199301-202506.nc,396,6,6,6.0,"[[384, 390], [385, 391], [386, 392], [387, 393], [388, 394], [389, 395]]"
northeast_pacific/full_domain/hindcast/monthly/raw/r20250912,T4,T4.nep.full.hcast.monthly.raw.r20250912.199301-202506.nc,396,6,6,6.0,"[[384, 390], [385, 391], [386, 392], [387, 393], [388, 394], [389, 395]]"
northeast_pacific/full_domain/hindcast/monthly/raw/r20250912,T_adx_2d,T_adx_2d.nep.full.hcast.monthly.raw.r20250912.199301-202506.nc,396,6,6,6.0,"[[384, 390], [385, 391], [386, 392], [387, 393], [388, 394], [389, 395]]"
northeast_pacific/full_domain/hindcast/monthly/raw/r20250912,T_ady_2d,T_ady_2d.nep.full.hcast.monthly.raw.r20250912.199301-202506.nc,396,6,6,6.0,"[[384, 390], [385, 391], [386, 392], [387, 393], [388, 394], [389, 395]]"
northeast_pacific/full_domain/hindcast/monthly/raw/r20250912,XPRT,XPRT.nep.full.hcast.monthly.raw.r20250912.199301-202506.nc,396,6,6,6.0,"[[384, 390], [385, 391], [386, 392], [387, 393], [388, 394], [389, 395]]"
northeast_pacific/full_domain/hindcast/monthly/raw/r20250912,evs,evs.nep.full.hcast.monthly.raw.r20250912.199301-202506.nc,396,6,6,6.0,"[[384, 390], [385, 391], [386, 392], [387, 393], [388, 394], [389, 395]]"
northeast_pacific/full_domain/hindcast/monthly/raw/r20250912,ficeberg,ficeberg.nep.full.hcast.monthly.raw.r20250912.199301-202506.nc,396,6,6,6.0,"[[384, 390], [385, 391], [386, 392], [387, 393], [388, 394], [389, 395]]"
northeast_pacific/full_domain/hindcast/monthly/raw/r20250912,friver,friver.nep.full.hcast.monthly.raw.r20250912.199301-202506.nc,396,6,6,6.0,"[[384, 390], [385, 391], [386, 392], [387, 393], [388, 394], [389, 395]]"
northeast_pacific/full_domain/hindcast/monthly/raw/r20250912,fsitherm,fsitherm.nep.full.hcast.monthly.raw.r20250912.199301-202506.nc,396,6,6,6.0,"[[384, 390], [385, 391], [386, 392], [387, 393], [388, 394], [389, 395]]"
northeast_pacific/full_domain/hindcast/monthly/raw/r20250912,heat_content_cond,heat_content_cond.nep.full.hcast.monthly.raw.r20250912.199301-202506.nc,396,6,6,6.0,"[[384, 390], [385, 391], [386, 392], [387, 393], [388, 394], [389, 395]]"
northeast_pacific/full_domain/hindcast/monthly/raw/r20250912,heat_content_fprec,heat_content_fprec.nep.full.hcast.monthly.raw.r20250912.199301-202506.nc,396,6,6,6.0,"[[384, 390], [385, 391], [386, 392], [387, 393], [388, 394], [389, 395]]"
northeast_pacific/full_domain/hindcast/monthly/raw/r20250912,heat_content_massin,heat_content_massin.nep.full.hcast.monthly.raw.r20250912.199301-202506.nc,396,6,6,6.0,"[[384, 390], [385, 391], [386, 392], [387, 393], [388, 394], [389, 395]]"
northeast_pacific/full_domain/hindcast/monthly/raw/r20250912,hfibthermds,hfibthermds.nep.full.hcast.monthly.raw.r20250912.199301-202506.nc,396,6,6,6.0,"[[384, 390], [385, 391], [386, 392], [387, 393], [388, 394], [389, 395]]"
northeast_pacific/full_domain/hindcast/monthly/raw/r20250912,heat_content_massout,heat_content_massout.nep.full.hcast.monthly.raw.r20250912.199301-202506.nc,396,6,6,6.0,"[[384, 390], [385, 391], [386, 392], [387, 393], [388, 394], [389, 395]]"
northeast_pacific/full_domain/hindcast/monthly/raw/r20250912,hfevapds,hfevapds.nep.full.hcast.monthly.raw.r20250912.199301-202506.nc,396,6,6,6.0,"[[384, 390], [385, 391], [386, 392], [387, 393], [388, 394], [389, 395]]"
northeast_pacific/full_domain/hindcast/monthly/raw/r20250912,hfds,hfds.nep.full.hcast.monthly.raw.r20250912.199301-202506.nc,396,6,6,6.0,"[[384, 390], [385, 391], [386, 392], [387, 393], [388, 394], [389, 395]]"
northeast_pacific/full_domain/hindcast/monthly/raw/r20250912,heat_content_surfwater,heat_content_surfwater.nep.full.hcast.monthly.raw.r20250912.199301-202506.nc,396,6,6,6.0,"[[384, 390], [385, 391], [386, 392], [387, 393], [388, 394], [389, 395]]"
northeast_pacific/full_domain/hindcast/monthly/raw/r20250912,hflso,hflso.nep.full.hcast.monthly.raw.r20250912.199301-202506.nc,396,6,6,6.0,"[[384, 390], [385, 391], [386, 392], [387, 393], [388, 394], [389, 395]]"
northeast_pacific/full_domain/hindcast/monthly/raw/r20250912,hfrunoffds,hfrunoffds.nep.full.hcast.monthly.raw.r20250912.199301-202506.nc,396,6,6,6.0,"[[384, 390], [385, 391], [386, 392], [387, 393], [388, 394], [389, 395]]"
northeast_pacific/full_domain/hindcast/monthly/raw/r20250912,hfsifrazil,hfsifrazil.nep.full.hcast.monthly.raw.r20250912.199301-202506.nc,396,6,6,6.0,"[[384, 390], [385, 391], [386, 392], [387, 393], [388, 394], [389, 395]]"
northeast_pacific/full_domain/hindcast/monthly/raw/r20250912,hfrainds,hfrainds.nep.full.hcast.monthly.raw.r20250912.199301-202506.nc,396,6,6,6.0,"[[384, 390], [385, 391], [386, 392], [387, 393], [388, 394], [389, 395]]"
northeast_pacific/full_domain/hindcast/monthly/raw/r20250912,hfsnthermds,hfsnthermds.nep.full.hcast.monthly.raw.r20250912.199301-202506.nc,396,6,6,6.0,"[[384, 390], [385, 391], [386, 392], [387, 393], [388, 394], [389, 395]]"
northeast_pacific/full_domain/hindcast/monthly/raw/r20250912,hfsso,hfsso.nep.full.hcast.monthly.raw.r20250912.199301-202506.nc,396,6,6,6.0,"[[384, 390], [385, 391], [386, 392], [387, 393], [388, 394], [389, 395]]"
northeast_pacific/full_domain/hindcast/monthly/raw/r20250912,mlotstmin,mlotstmin.nep.full.hcast.monthly.raw.r20250912.199301-202506.nc,396,6,6,6.0,"[[384, 390], [385, 391], [386, 392], [387, 393], [388, 394], [389, 395]]"
northeast_pacific/full_domain/hindcast/monthly/raw/r20250912,mlotstmax,mlotstmax.nep.full.hcast.monthly.raw.r20250912.199301-202506.nc,396,6,6,6.0,"[[384, 390], [385, 391], [386, 392], [387, 393], [388, 394], [389, 395]]"
northeast_pacific/full_domain/hindcast/monthly/raw/r20250912,net_heat_coupler,net_heat_coupler.nep.full.hcast.monthly.raw.r20250912.199301-202506.nc,396,6,6,6.0,"[[384, 390], [385, 391], [386, 392], [387, 393], [388, 394], [389, 395]]"
northeast_pacific/full_domain/hindcast/monthly/raw/r20250912,net_massin,net_massin.nep.full.hcast.monthly.raw.r20250912.199301-202506.nc,396,6,6,6.0,"[[384, 390], [385, 391], [386, 392], [387, 393], [388, 394], [389, 395]]"
northeast_pacific/full_domain/hindcast/monthly/raw/r20250912,net_massout,net_massout.nep.full.hcast.monthly.raw.r20250912.199301-202506.nc,396,6,6,6.0,"[[384, 390], [385, 391], [386, 392], [387, 393], [388, 394], [389, 395]]"
northeast_pacific/full_domain/hindcast/monthly/raw/r20250912,pbo,pbo.nep.full.hcast.monthly.raw.r20250912.199301-202506.nc,396,6,6,6.0,"[[384, 390], [385, 391], [386, 392], [387, 393], [388, 394], [389, 395]]"
northeast_pacific/full_domain/hindcast/monthly/raw/r20250912,prsn,prsn.nep.full.hcast.monthly.raw.r20250912.199301-202506.nc,396,6,6,6.0,"[[384, 390], [385, 391], [386, 392], [387, 393], [388, 394], [389, 395]]"
northeast_pacific/full_domain/hindcast/monthly/raw/r20250912,prlq,prlq.nep.full.hcast.monthly.raw.r20250912.199301-202506.nc,396,6,6,6.0,"[[384, 390], [385, 391], [386, 392], [387, 393], [388, 394], [389, 395]]"
northeast_pacific/full_domain/hindcast/monthly/raw/r20250912,rlntds,rlntds.nep.full.hcast.monthly.raw.r20250912.199301-202506.nc,396,6,6,6.0,"[[384, 390], [385, 391], [386, 392], [387, 393], [388, 394], [389, 395]]"
northeast_pacific/full_domain/hindcast/monthly/raw/r20250912,rhoinsitu,rhoinsitu.nep.full.hcast.monthly.raw.r20250912.199301-202506.nc,396,6,6,6.0,"[[384, 390], [385, 391], [386, 392], [387, 393], [388, 394], [389, 395]]"
northeast_pacific/full_domain/hindcast/monthly/raw/r20250912,rsntds,rsntds.nep.full.hcast.monthly.raw.r20250912.199301-202506.nc,396,6,6,6.0,"[[384, 390], [385, 391], [386, 392], [387, 393], [388, 394], [389, 395]]"
northeast_pacific/full_domain/hindcast/monthly/raw/r20250912,sfdsi,sfdsi.nep.full.hcast.monthly.raw.r20250912.199301-202506.nc,396,6,6,6.0,"[[384, 390], [385, 391], [386, 392], [387, 393], [388, 394], [389, 395]]"
northeast_pacific/full_domain/hindcast/monthly/raw/r20250912,simass,simass.nep.full.hcast.monthly.raw.r20250912.199301-202506.nc,396,6,6,6.0,"[[384, 390], [385, 391], [386, 392], [387, 393], [388, 394], [389, 395]]"
northeast_pacific/full_domain/hindcast/monthly/raw/r20250912,siconc,siconc.nep.full.hcast.monthly.raw.r20250912.199301-202506.nc,396,6,6,6.0,"[[384, 390], [385, 391], [386, 392], [387, 393], [388, 394], [389, 395]]"
northeast_pacific/full_domain/hindcast/monthly/raw/r20250912,sisnmass,sisnmass.nep.full.hcast.monthly.raw.r20250912.199301-202506.nc,396,71,0,71.0,"[[324, 325], [324, 326], [324, 327], [324, 328], [324, 329], [324, 330], [324, 331], [324, 332]]"
northeast_pacific/full_domain/hindcast/monthly/raw/r20250912,sisnconc,sisnconc.nep.full.hcast.monthly.raw.r20250912.199301-202506.nc,396,6,6,6.0,"[[384, 390], [385, 391], [386, 392], [387, 393], [388, 394], [389, 395]]"
northeast_pacific/full_domain/hindcast/monthly/raw/r20250912,sisnthick,sisnthick.nep.full.hcast.monthly.raw.r20250912.199301-202506.nc,396,6,6,6.0,"[[384, 390], [385, 391], [386, 392], [387, 393], [388, 394], [389, 395]]"
northeast_pacific/full_domain/hindcast/monthly/raw/r20250912,sispeed,sispeed.nep.full.hcast.monthly.raw.r20250912.199301-202506.nc,396,6,6,6.0,"[[384, 390], [385, 391], [386, 392], [387, 393], [388, 394], [389, 395]]"
northeast_pacific/full_domain/hindcast/monthly/raw/r20250912,sitimefrac,sitimefrac.nep.full.hcast.monthly.raw.r20250912.199301-202506.nc,396,6,6,6.0,"[[384, 390], [385, 391], [386, 392], [387, 393], [388, 394], [389, 395]]"
northeast_pacific/full_domain/hindcast/monthly/raw/r20250912,sitemptop,sitemptop.nep.full.hcast.monthly.raw.r20250912.199301-202506.nc,396,6,6,6.0,"[[384, 390], [385, 391], [386, 392], [387, 393], [388, 394], [389, 395]]"
northeast_pacific/full_domain/hindcast/monthly/raw/r20250912,siu,siu.nep.full.hcast.monthly.raw.r20250912.199301-202506.nc,396,6,6,6.0,"[[384, 390], [385, 391], [386, 392], [387, 393], [388, 394], [389, 395]]"
northeast_pacific/full_domain/hindcast/monthly/raw/r20250912,sithick,sithick.nep.full.hcast.monthly.raw.r20250912.199301-202506.nc,396,6,6,6.0,"[[384, 390], [385, 391], [386, 392], [387, 393], [388, 394], [389, 395]]"
northeast_pacific/full_domain/hindcast/monthly/raw/r20250912,siv,siv.nep.full.hcast.monthly.raw.r20250912.199301-202506.nc,396,6,6,6.0,"[[384, 390], [385, 391], [386, 392], [387, 393], [388, 394], [389, 395]]"
northeast_pacific/full_domain/hindcast/monthly/raw/r20250912,sivol,sivol.nep.full.hcast.monthly.raw.r20250912.199301-202506.nc,396,6,6,6.0,"[[384, 390], [385, 391], [386, 392], [387, 393], [388, 394], [389, 395]]"
northeast_pacific/full_domain/hindcast/monthly/raw/r20250912,sob,sob.nep.full.hcast.monthly.raw.r20250912.199301-202506.nc,396,6,6,6.0,"[[384, 390], [385, 391], [386, 392], [387, 393], [388, 394], [389, 395]]"
northeast_pacific/full_domain/hindcast/monthly/raw/r20250912,sos,sos.nep.full.hcast.monthly.raw.r20250912.199301-202506.nc,396,6,6,6.0,"[[384, 390], [385, 391], [386, 392], [387, 393], [388, 394], [389, 395]]"
northeast_pacific/full_domain/hindcast/monthly/raw/r20250912,sossq,sossq.nep.full.hcast.monthly.raw.r20250912.199301-202506.nc,396,6,6,6.0,"[[384, 390], [385, 391], [386, 392], [387, 393], [388, 394], [389, 395]]"
northeast_pacific/full_domain/hindcast/monthly/raw/r20250912,ssh,ssh.nep.full.hcast.monthly.raw.r20250912.199301-202506.nc,396,6,6,6.0,"[[384, 390], [385, 391], [386, 392], [387, 393], [388, 394], [389, 395]]"
northeast_pacific/full_domain/hindcast/monthly/raw/r20250912,speed,speed.nep.full.hcast.monthly.raw.r20250912.199301-202506.nc,396,6,6,6.0,"[[384, 390], [385, 391], [386, 392], [387, 393], [388, 394], [389, 395]]"
northeast_pacific/full_domain/hindcast/monthly/raw/r20250912,tauuo_rotate,tauuo_rotate.nep.full.hcast.monthly.raw.r20250912.199301-202506.nc,396,6,6,,"[[384, 390], [385, 391], [386, 392], [387, 393], [388, 394], [389, 395]]"
northeast_pacific/full_domain/hindcast/monthly/raw/r20250912,tauvo_rotate,tauvo_rotate.nep.full.hcast.monthly.raw.r20250912.199301-202506.nc,396,6,6,,"[[384, 390], [385, 391], [386, 392], [387, 393], [388, 394], [389, 395]]"
northeast_pacific/full_domain/hindcast/monthly/raw/r20250912,tauvo,tauvo.nep.full.hcast.monthly.raw.r20250912.199301-202506.nc,396,6,6,6.0,"[[384, 390], [385, 391], [386, 392], [387, 393], [388, 394], [389, 395]]"
northeast_pacific/full_domain/hindcast/monthly/raw/r20250912,tauuo,tauuo.nep.full.hcast.monthly.raw.r20250912.199301-202506.nc,396,6,6,6.0,"[[384, 390], [385, 391], [386, 392], [387, 393], [388, 394], [389, 395]]"
northeast_pacific/full_domain/hindcast/monthly/raw/r20250912,tob,tob.nep.full.hcast.monthly.raw.r20250912.199301-202506.nc,396,6,6,6.0,"[[384, 390], [385, 391], [386, 392], [387, 393], [388, 394], [389, 395]]"
northeast_pacific/full_domain/hindcast/monthly/raw/r20250912,tos,tos.nep.full.hcast.monthly.raw.r20250912.199301-202506.nc,396,6,6,6.0,"[[384, 390], [385, 391], [386, 392], [387, 393], [388, 394], [389, 395]]"
northeast_pacific/full_domain/hindcast/monthly/raw/r20250912,udml_restrat_rotate,udml_restrat_rotate.nep.full.hcast.monthly.raw.r20250912.199301-202506.nc,396,6,6,,"[[384, 390], [385, 391], [386, 392], [387, 393], [388, 394], [389, 395]]"
northeast_pacific/full_domain/hindcast/monthly/raw/r20250912,udml_restrat,udml_restrat.nep.full.hcast.monthly.raw.r20250912.199301-202506.nc,396,6,6,6.0,"[[384, 390], [385, 391], [386, 392], [387, 393], [388, 394], [389, 395]]"
northeast_pacific/full_domain/hindcast/monthly/raw/r20250912,tossq,tossq.nep.full.hcast.monthly.raw.r20250912.199301-202506.nc,396,6,6,6.0,"[[384, 390], [385, 391], [386, 392], [387, 393], [388, 394], [389, 395]]"
northeast_pacific/full_domain/hindcast/monthly/raw/r20250912,uml_restrat_rotate,uml_restrat_rotate.nep.full.hcast.monthly.raw.r20250912.199301-202506.nc,396,6,6,,"[[384, 390], [385, 391], [386, 392], [387, 393], [388, 394], [389, 395]]"
northeast_pacific/full_domain/hindcast/monthly/raw/r20250912,umo_2d_rotate,umo_2d_rotate.nep.full.hcast.monthly.raw.r20250912.199301-202506.nc,396,6,6,,"[[384, 390], [385, 391], [386, 392], [387, 393], [388, 394], [389, 395]]"
northeast_pacific/full_domain/hindcast/monthly/raw/r20250912,uml_restrat,uml_restrat.nep.full.hcast.monthly.raw.r20250912.199301-202506.nc,396,6,6,6.0,"[[384, 390], [385, 391], [386, 392], [387, 393], [388, 394], [389, 395]]"
northeast_pacific/full_domain/hindcast/monthly/raw/r20250912,vdml_restrat_rotate,vdml_restrat_rotate.nep.full.hcast.monthly.raw.r20250912.199301-202506.nc,396,6,6,,"[[384, 390], [385, 391], [386, 392], [387, 393], [388, 394], [389, 395]]"
northeast_pacific/full_domain/hindcast/monthly/raw/r20250912,umo_2d,umo_2d.nep.full.hcast.monthly.raw.r20250912.199301-202506.nc,396,6,6,6.0,"[[384, 390], [385, 391], [386, 392], [387, 393], [388, 394], [389, 395]]"
northeast_pacific/full_domain/hindcast/monthly/raw/r20250912,vdml_restrat,vdml_restrat.nep.full.hcast.monthly.raw.r20250912.199301-202506.nc,396,6,6,6.0,"[[384, 390], [385, 391], [386, 392], [387, 393], [388, 394], [389, 395]]"
northeast_pacific/full_domain/hindcast/monthly/raw/r20250912,vml_restrat_rotate,vml_restrat_rotate.nep.full.hcast.monthly.raw.r20250912.199301-202506.nc,396,6,6,,"[[384, 390], [385, 391], [386, 392], [387, 393], [388, 394], [389, 395]]"
northeast_pacific/full_domain/hindcast/monthly/raw/r20250912,ustar,ustar.nep.full.hcast.monthly.raw.r20250912.199301-202506.nc,396,6,6,6.0,"[[384, 390], [385, 391], [386, 392], [387, 393], [388, 394], [389, 395]]"
northeast_pacific/full_domain/hindcast/monthly/raw/r20250912,vmo_2d_rotate,vmo_2d_rotate.nep.full.hcast.monthly.raw.r20250912.199301-202506.nc,396,6,6,,"[[384, 390], [385, 391], [386, 392], [387, 393], [388, 394], [389, 395]]"
northeast_pacific/full_domain/hindcast/monthly/raw/r20250912,vml_restrat,vml_restrat.nep.full.hcast.monthly.raw.r20250912.199301-202506.nc,396,6,6,6.0,"[[384, 390], [385, 391], [386, 392], [387, 393], [388, 394], [389, 395]]"
northeast_pacific/full_domain/hindcast/monthly/raw/r20250912,vmo_2d,vmo_2d.nep.full.hcast.monthly.raw.r20250912.199301-202506.nc,396,6,6,6.0,"[[384, 390], [385, 391], [386, 392], [387, 393], [388, 394], [389, 395]]"
northeast_pacific/full_domain/hindcast/monthly/raw/r20250912,wfo,wfo.nep.full.hcast.monthly.raw.r20250912.199301-202506.nc,396,6,6,6.0,"[[384, 390], [385, 391], [386, 392], [387, 393], [388, 394], [389, 395]]"
northeast_pacific/full_domain/hindcast/monthly/raw/r20250912,zos,zos.nep.full.hcast.monthly.raw.r20250912.199301-202506.nc,396,6,6,6.0,"[[384, 390], [385, 391], [386, 392], [387, 393], [388, 394], [389, 395]]"
northeast_pacific/full_domain/hindcast/monthly/raw/r20250912,zossq,zossq.nep.full.hcast.monthly.raw.r20250912.199301-202506.nc,396,6,6,6.0,"[[384, 390], [385, 391], [386, 392], [387, 393], [388, 394], [389, 395]]"
northeast_pacific/full_domain/hindcast/monthly/regrid/r20250912,BHEAT,BHEAT.nep.full.hcast.monthly.regrid.r20250912.199301-202506.nc,396,6,6,,"[[384, 390], [385, 391], [386, 392], [387, 393], [388, 394], [389, 395]]"
northeast_pacific/full_domain/hindcast/monthly/regrid/r20250912,ALB,ALB.nep.full.hcast.monthly.regrid.r20250912.199301-202506.nc,396,6,6,,"[[384, 390], [385, 391], [386, 392], [387, 393], [388, 394], [389, 395]]"
northeast_pacific/full_domain/hindcast/monthly/regrid/r20250912,BMELT,BMELT.nep.full.hcast.monthly.regrid.r20250912.199301-202506.nc,396,6,6,,"[[384, 390], [385, 391], [386, 392], [387, 393], [388, 394], [389, 395]]"
northeast_pacific/full_domain/hindcast/monthly/regrid/r20250912,BSNK,BSNK.nep.full.hcast.monthly.regrid.r20250912.199301-202506.nc,396,6,6,,"[[384, 390], [385, 391], [386, 392], [387, 393], [388, 394], [389, 395]]"
northeast_pacific/full_domain/hindcast/monthly/regrid/r20250912,E2MELT,E2MELT.nep.full.hcast.monthly.regrid.r20250912.199301-202506.nc,396,6,6,,"[[384, 390], [385, 391], [386, 392], [387, 393], [388, 394], [389, 395]]"
northeast_pacific/full_domain/hindcast/monthly/regrid/r20250912,EXT_MAX,EXT_MAX.nep.full.hcast.monthly.regrid.r20250912.199301-202506.nc,396,6,6,,"[[384, 390], [385, 391], [386, 392], [387, 393], [388, 394], [389, 395]]"
northeast_pacific/full_domain/hindcast/monthly/regrid/r20250912,EXT_MIN,EXT_MIN.nep.full.hcast.monthly.regrid.r20250912.199301-202506.nc,396,6,6,,"[[384, 390], [385, 391], [386, 392], [387, 393], [388, 394], [389, 395]]"
northeast_pacific/full_domain/hindcast/monthly/regrid/r20250912,EXT,EXT.nep.full.hcast.monthly.regrid.r20250912.199301-202506.nc,396,6,6,,"[[384, 390], [385, 391], [386, 392], [387, 393], [388, 394], [389, 395]]"
northeast_pacific/full_domain/hindcast/monthly/regrid/r20250912,Heat_PmE,Heat_PmE.nep.full.hcast.monthly.regrid.r20250912.199301-202506.nc,396,6,6,,"[[384, 390], [385, 391], [386, 392], [387, 393], [388, 394], [389, 395]]"
northeast_pacific/full_domain/hindcast/monthly/regrid/r20250912,LwLatSens,LwLatSens.nep.full.hcast.monthly.regrid.r20250912.199301-202506.nc,396,6,6,,"[[384, 390], [385, 391], [386, 392], [387, 393], [388, 394], [389, 395]]"
northeast_pacific/full_domain/hindcast/monthly/regrid/r20250912,MLD_003,MLD_003.nep.full.hcast.monthly.regrid.r20250912.199301-202506.nc,396,6,6,,"[[384, 390], [385, 391], [386, 392], [387, 393], [388, 394], [389, 395]]"
northeast_pacific/full_domain/hindcast/monthly/regrid/r20250912,MLD_EN1,MLD_EN1.nep.full.hcast.monthly.regrid.r20250912.199301-202506.nc,396,6,6,,"[[384, 390], [385, 391], [386, 392], [387, 393], [388, 394], [389, 395]]"
northeast_pacific/full_domain/hindcast/monthly/regrid/r20250912,MLD_restrat,MLD_restrat.nep.full.hcast.monthly.regrid.r20250912.199301-202506.nc,396,6,6,,"[[384, 390], [385, 391], [386, 392], [387, 393], [388, 394], [389, 395]]"
northeast_pacific/full_domain/hindcast/monthly/regrid/r20250912,MSTAR,MSTAR.nep.full.hcast.monthly.regrid.r20250912.199301-202506.nc,396,6,6,,"[[384, 390], [385, 391], [386, 392], [387, 393], [388, 394], [389, 395]]"
northeast_pacific/full_domain/hindcast/monthly/regrid/r20250912,RAIN,RAIN.nep.full.hcast.monthly.regrid.r20250912.199301-202506.nc,396,6,6,,"[[384, 390], [385, 391], [386, 392], [387, 393], [388, 394], [389, 395]]"
northeast_pacific/full_domain/hindcast/monthly/regrid/r20250912,SALTF,SALTF.nep.full.hcast.monthly.regrid.r20250912.199301-202506.nc,396,6,6,,"[[384, 390], [385, 391], [386, 392], [387, 393], [388, 394], [389, 395]]"
northeast_pacific/full_domain/hindcast/monthly/regrid/r20250912,SN2IC,SN2IC.nep.full.hcast.monthly.regrid.r20250912.199301-202506.nc,396,6,6,,"[[384, 390], [385, 391], [386, 392], [387, 393], [388, 394], [389, 395]]"
northeast_pacific/full_domain/hindcast/monthly/regrid/r20250912,SNOWFL,SNOWFL.nep.full.hcast.monthly.regrid.r20250912.199301-202506.nc,396,6,6,,"[[384, 390], [385, 391], [386, 392], [387, 393], [388, 394], [389, 395]]"
northeast_pacific/full_domain/hindcast/monthly/regrid/r20250912,S_adx_2d_rotate,S_adx_2d_rotate.nep.full.hcast.monthly.regrid.r20250912.199301-202506.nc,396,6,6,,"[[384, 390], [385, 391], [386, 392], [387, 393], [388, 394], [389, 395]]"
northeast_pacific/full_domain/hindcast/monthly/regrid/r20250912,S_ady_2d_rotate,S_ady_2d_rotate.nep.full.hcast.monthly.regrid.r20250912.199301-202506.nc,396,6,6,,"[[384, 390], [385, 391], [386, 392], [387, 393], [388, 394], [389, 395]]"
northeast_pacific/full_domain/hindcast/monthly/regrid/r20250912,T1,T1.nep.full.hcast.monthly.regrid.r20250912.199301-202506.nc,396,6,6,,"[[384, 390], [385, 391], [386, 392], [387, 393], [388, 394], [389, 395]]"
northeast_pacific/full_domain/hindcast/monthly/regrid/r20250912,STRENGTH_hf,STRENGTH_hf.nep.full.hcast.monthly.regrid.r20250912.199301-202506.nc,396,6,6,,"[[384, 390], [385, 391], [386, 392], [387, 393], [388, 394], [389, 395]]"
northeast_pacific/full_domain/hindcast/monthly/regrid/r20250912,T2,T2.nep.full.hcast.monthly.regrid.r20250912.199301-202506.nc,396,6,6,,"[[384, 390], [385, 391], [386, 392], [387, 393], [388, 394], [389, 395]]"
northeast_pacific/full_domain/hindcast/monthly/regrid/r20250912,CN,CN.nep.full.hcast.monthly.regrid.r20250912.199301-202506.nc,396,6,6,,"[[384, 390], [385, 391], [386, 392], [387, 393], [388, 394], [389, 395]]"
northeast_pacific/full_domain/hindcast/monthly/regrid/r20250912,T4,T4.nep.full.hcast.monthly.regrid.r20250912.199301-202506.nc,396,6,6,,"[[384, 390], [385, 391], [386, 392], [387, 393], [388, 394], [389, 395]]"
northeast_pacific/full_domain/hindcast/monthly/regrid/r20250912,T3,T3.nep.full.hcast.monthly.regrid.r20250912.199301-202506.nc,396,6,6,,"[[384, 390], [385, 391], [386, 392], [387, 393], [388, 394], [389, 395]]"
northeast_pacific/full_domain/hindcast/monthly/regrid/r20250912,T_adx_2d_rotate,T_adx_2d_rotate.nep.full.hcast.monthly.regrid.r20250912.199301-202506.nc,396,6,6,,"[[384, 390], [385, 391], [386, 392], [387, 393], [388, 394], [389, 395]]"
northeast_pacific/full_domain/hindcast/monthly/regrid/r20250912,TSN,TSN.nep.full.hcast.monthly.regrid.r20250912.199301-202506.nc,396,6,6,,"[[384, 390], [385, 391], [386, 392], [387, 393], [388, 394], [389, 395]]"
northeast_pacific/full_domain/hindcast/monthly/regrid/r20250912,TMELT,TMELT.nep.full.hcast.monthly.regrid.r20250912.199301-202506.nc,396,6,6,,"[[384, 390], [385, 391], [386, 392], [387, 393], [388, 394], [389, 395]]"
northeast_pacific/full_domain/hindcast/monthly/regrid/r20250912,T_ady_2d_rotate,T_ady_2d_rotate.nep.full.hcast.monthly.regrid.r20250912.199301-202506.nc,396,6,6,,"[[384, 390], [385, 391], [386, 392], [387, 393], [388, 394], [389, 395]]"
northeast_pacific/full_domain/hindcast/monthly/regrid/r20250912,XPRT,XPRT.nep.full.hcast.monthly.regrid.r20250912.199301-202506.nc,396,6,6,,"[[384, 390], [385, 391], [386, 392], [387, 393], [388, 394], [389, 395]]"
northeast_pacific/full_domain/hindcast/monthly/regrid/r20250912,evs,evs.nep.full.hcast.monthly.regrid.r20250912.199301-202506.nc,396,6,6,,"[[384, 390], [385, 391], [386, 392], [387, 393], [388, 394], [389, 395]]"
northeast_pacific/full_domain/hindcast/monthly/regrid/r20250912,ficeberg,ficeberg.nep.full.hcast.monthly.regrid.r20250912.199301-202506.nc,396,6,6,,"[[384, 390], [385, 391], [386, 392], [387, 393], [388, 394], [389, 395]]"
northeast_pacific/full_domain/hindcast/monthly/regrid/r20250912,friver,friver.nep.full.hcast.monthly.regrid.r20250912.199301-202506.nc,396,6,6,,"[[384, 390], [385, 391], [386, 392], [387, 393], [388, 394], [389, 395]]"
northeast_pacific/full_domain/hindcast/monthly/regrid/r20250912,fsitherm,fsitherm.nep.full.hcast.monthly.regrid.r20250912.199301-202506.nc,396,6,6,,"[[384, 390], [385, 391], [386, 392], [387, 393], [388, 394], [389, 395]]"
northeast_pacific/full_domain/hindcast/monthly/regrid/r20250912,heat_content_fprec,heat_content_fprec.nep.full.hcast.monthly.regrid.r20250912.199301-202506.nc,396,6,6,,"[[384, 390], [385, 391], [386, 392], [387, 393], [388, 394], [389, 395]]"
northeast_pacific/full_domain/hindcast/monthly/regrid/r20250912,heat_content_cond,heat_content_cond.nep.full.hcast.monthly.regrid.r20250912.199301-202506.nc,396,6,6,,"[[384, 390], [385, 391], [386, 392], [387, 393], [388, 394], [389, 395]]"
northeast_pacific/full_domain/hindcast/monthly/regrid/r20250912,heat_content_massin,heat_content_massin.nep.full.hcast.monthly.regrid.r20250912.199301-202506.nc,396,6,6,,"[[384, 390], [385, 391], [386, 392], [387, 393], [388, 394], [389, 395]]"
northeast_pacific/full_domain/hindcast/monthly/regrid/r20250912,heat_content_massout,heat_content_massout.nep.full.hcast.monthly.regrid.r20250912.199301-202506.nc,396,6,6,,"[[384, 390], [385, 391], [386, 392], [387, 393], [388, 394], [389, 395]]"
northeast_pacific/full_domain/hindcast/monthly/regrid/r20250912,heat_content_surfwater,heat_content_surfwater.nep.full.hcast.monthly.regrid.r20250912.199301-202506.nc,396,6,6,,"[[384, 390], [385, 391], [386, 392], [387, 393], [388, 394], [389, 395]]"
northeast_pacific/full_domain/hindcast/monthly/regrid/r20250912,hfrainds,hfrainds.nep.full.hcast.monthly.regrid.r20250912.199301-202506.nc,396,6,6,,"[[384, 390], [385, 391], [386, 392], [387, 393], [388, 394], [389, 395]]"
northeast_pacific/full_domain/hindcast/monthly/regrid/r20250912,hfevapds,hfevapds.nep.full.hcast.monthly.regrid.r20250912.199301-202506.nc,396,6,6,,"[[384, 390], [385, 391], [386, 392], [387, 393], [388, 394], [389, 395]]"
northeast_pacific/full_domain/hindcast/monthly/regrid/r20250912,hflso,hflso.nep.full.hcast.monthly.regrid.r20250912.199301-202506.nc,396,6,6,,"[[384, 390], [385, 391], [386, 392], [387, 393], [388, 394], [389, 395]]"
northeast_pacific/full_domain/hindcast/monthly/regrid/r20250912,hfrunoffds,hfrunoffds.nep.full.hcast.monthly.regrid.r20250912.199301-202506.nc,396,6,6,,"[[384, 390], [385, 391], [386, 392], [387, 393], [388, 394], [389, 395]]"
northeast_pacific/full_domain/hindcast/monthly/regrid/r20250912,hfibthermds,hfibthermds.nep.full.hcast.monthly.regrid.r20250912.199301-202506.nc,396,6,6,,"[[384, 390], [385, 391], [386, 392], [387, 393], [388, 394], [389, 395]]"
northeast_pacific/full_domain/hindcast/monthly/regrid/r20250912,hfsnthermds,hfsnthermds.nep.full.hcast.monthly.regrid.r20250912.199301-202506.nc,396,6,6,,"[[384, 390], [385, 391], [386, 392], [387, 393], [388, 394], [389, 395]]"
northeast_pacific/full_domain/hindcast/monthly/regrid/r20250912,hfsifrazil,hfsifrazil.nep.full.hcast.monthly.regrid.r20250912.199301-202506.nc,396,6,6,,"[[384, 390], [385, 391], [386, 392], [387, 393], [388, 394], [389, 395]]"
northeast_pacific/full_domain/hindcast/monthly/regrid/r20250912,hfsso,hfsso.nep.full.hcast.monthly.regrid.r20250912.199301-202506.nc,396,6,6,,"[[384, 390], [385, 391], [386, 392], [387, 393], [388, 394], [389, 395]]"
northeast_pacific/full_domain/hindcast/monthly/regrid/r20250912,hfds,hfds.nep.full.hcast.monthly.regrid.r20250912.199301-202506.nc,396,6,6,,"[[384, 390], [385, 391], [386, 392], [387, 393], [388, 394], [389, 395]]"
northeast_pacific/full_domain/hindcast/monthly/regrid/r20250912,mlotstmin,mlotstmin.nep.full.hcast.monthly.regrid.r20250912.199301-202506.nc,396,6,6,,"[[384, 390], [385, 391], [386, 392], [387, 393], [388, 394], [389, 395]]"
northeast_pacific/full_domain/hindcast/monthly/regrid/r20250912,mlotstmax,mlotstmax.nep.full.hcast.monthly.regrid.r20250912.199301-202506.nc,396,6,6,,"[[384, 390], [385, 391], [386, 392], [387, 393], [388, 394], [389, 395]]"
northeast_pacific/full_domain/hindcast/monthly/regrid/r20250912,net_heat_coupler,net_heat_coupler.nep.full.hcast.monthly.regrid.r20250912.199301-202506.nc,396,6,6,,"[[384, 390], [385, 391], [386, 392], [387, 393], [388, 394], [389, 395]]"
northeast_pacific/full_domain/hindcast/monthly/regrid/r20250912,net_massin,net_massin.nep.full.hcast.monthly.regrid.r20250912.199301-202506.nc,396,6,6,,"[[384, 390], [385, 391], [386, 392], [387, 393], [388, 394], [389, 395]]"
northeast_pacific/full_domain/hindcast/monthly/regrid/r20250912,net_massout,net_massout.nep.full.hcast.monthly.regrid.r20250912.199301-202506.nc,396,6,6,,"[[384, 390], [385, 391], [386, 392], [387, 393], [388, 394], [389, 395]]"
northeast_pacific/full_domain/hindcast/monthly/regrid/r20250912,pbo,pbo.nep.full.hcast.monthly.regrid.r20250912.199301-202506.nc,396,6,6,,"[[384, 390], [385, 391], [386, 392], [387, 393], [388, 394], [389, 395]]"
northeast_pacific/full_domain/hindcast/monthly/regrid/r20250912,prlq,prlq.nep.full.hcast.monthly.regrid.r20250912.199301-202506.nc,396,6,6,,"[[384, 390], [385, 391], [386, 392], [387, 393], [388, 394], [389, 395]]"
northeast_pacific/full_domain/hindcast/monthly/regrid/r20250912,prsn,prsn.nep.full.hcast.monthly.regrid.r20250912.199301-202506.nc,396,6,6,,"[[384, 390], [385, 391], [386, 392], [387, 393], [388, 394], [389, 395]]"
northeast_pacific/full_domain/hindcast/monthly/regrid/r20250912,rlntds,rlntds.nep.full.hcast.monthly.regrid.r20250912.199301-202506.nc,396,6,6,,"[[384, 390], [385, 391], [386, 392], [387, 393], [388, 394], [389, 395]]"
northeast_pacific/full_domain/hindcast/monthly/regrid/r20250912,rsntds,rsntds.nep.full.hcast.monthly.regrid.r20250912.199301-202506.nc,396,6,6,,"[[384, 390], [385, 391], [386, 392], [387, 393], [388, 394], [389, 395]]"
northeast_pacific/full_domain/hindcast/monthly/regrid/r20250912,rhoinsitu,rhoinsitu.nep.full.hcast.monthly.regrid.r20250912.199301-202506.nc,396,6,6,,"[[384, 390], [385, 391], [386, 392], [387, 393], [388, 394], [389, 395]]"
northeast_pacific/full_domain/hindcast/monthly/regrid/r20250912,sfdsi,sfdsi.nep.full.hcast.monthly.regrid.r20250912.199301-202506.nc,396,6,6,,"[[384, 390], [385, 391], [386, 392], [387, 393], [388, 394], [389, 395]]"
northeast_pacific/full_domain/hindcast/monthly/regrid/r20250912,siconc,siconc.nep.full.hcast.monthly.regrid.r20250912.199301-202506.nc,396,6,6,,"[[384, 390], [385, 391], [386, 392], [387, 393], [388, 394], [389, 395]]"
northeast_pacific/full_domain/hindcast/monthly/regrid/r20250912,simass,simass.nep.full.hcast.monthly.regrid.r20250912.199301-202506.nc,396,6,6,,"[[384, 390], [385, 391], [386, 392], [387, 393], [388, 394], [389, 395]]"
northeast_pacific/full_domain/hindcast/monthly/regrid/r20250912,sisnconc,sisnconc.nep.full.hcast.monthly.regrid.r20250912.199301-202506.nc,396,6,6,,"[[384, 390], [385, 391], [386, 392], [387, 393], [388, 394], [389, 395]]"
northeast_pacific/full_domain/hindcast/monthly/regrid/r20250912,sisnthick,sisnthick.nep.full.hcast.monthly.regrid.r20250912.199301-202506.nc,396,6,6,,"[[384, 390], [385, 391], [386, 392], [387, 393], [388, 394], [389, 395]]"
northeast_pacific/full_domain/hindcast/monthly/regrid/r20250912,sisnmass,sisnmass.nep.full.hcast.monthly.regrid.r20250912.199301-202506.nc,396,71,0,,"[[324, 325], [324, 326], [324, 327], [324, 328], [324, 329], [324, 330], [324, 331], [324, 332]]"
northeast_pacific/full_domain/hindcast/monthly/regrid/r20250912,sispeed,sispeed.nep.full.hcast.monthly.regrid.r20250912.199301-202506.nc,396,6,6,,"[[384, 390], [385, 391], [386, 392], [387, 393], [388, 394], [389, 395]]"
northeast_pacific/full_domain/hindcast/monthly/regrid/r20250912,sitemptop,sitemptop.nep.full.hcast.monthly.regrid.r20250912.199301-202506.nc,396,6,6,,"[[384, 390], [385, 391], [386, 392], [387, 393], [388, 394], [389, 395]]"
northeast_pacific/full_domain/hindcast/monthly/regrid/r20250912,sitimefrac,sitimefrac.nep.full.hcast.monthly.regrid.r20250912.199301-202506.nc,396,6,6,,"[[384, 390], [385, 391], [386, 392], [387, 393], [388, 394], [389, 395]]"
northeast_pacific/full_domain/hindcast/monthly/regrid/r20250912,sithick,sithick.nep.full.hcast.monthly.regrid.r20250912.199301-202506.nc,396,6,6,,"[[384, 390], [385, 391], [386, 392], [387, 393], [388, 394], [389, 395]]"
northeast_pacific/full_domain/hindcast/monthly/regrid/r20250912,siv,siv.nep.full.hcast.monthly.regrid.r20250912.199301-202506.nc,396,6,6,,"[[384, 390], [385, 391], [386, 392], [387, 393], [388, 394], [389, 395]]"
northeast_pacific/full_domain/hindcast/monthly/regrid/r20250912,siu,siu.nep.full.hcast.monthly.regrid.r20250912.199301-202506.nc,396,6,6,,"[[384, 390], [385, 391], [386, 392], [387, 393], [388, 394], [389, 395]]"
northeast_pacific/full_domain/hindcast/monthly/regrid/r20250912,sivol,sivol.nep.full.hcast.monthly.regrid.r20250912.199301-202506.nc,396,6,6,,"[[384, 390], [385, 391], [386, 392], [387, 393], [388, 394], [389, 395]]"
northeast_pacific/full_domain/hindcast/monthly/regrid/r20250912,sos,sos.nep.full.hcast.monthly.regrid.r20250912.199301-202506.nc,396,6,6,,"[[384, 390], [385, 391], [386, 392], [387, 393], [388, 394], [389, 395]]"
northeast_pacific/full_domain/hindcast/monthly/regrid/r20250912,sob,sob.nep.full.hcast.monthly.regrid.r20250912.199301-202506.nc,396,6,6,,"[[384, 390], [385, 391], [386, 392], [387, 393], [388, 394], [389, 395]]"
northeast_pacific/full_domain/hindcast/monthly/regrid/r20250912,sossq,sossq.nep.full.hcast.monthly.regrid.r20250912.199301-202506.nc,396,6,6,,"[[384, 390], [385, 391], [386, 392], [387, 393], [388, 394], [389, 395]]"
northeast_pacific/full_domain/hindcast/monthly/regrid/r20250912,speed,speed.nep.full.hcast.monthly.regrid.r20250912.199301-202506.nc,396,6,6,,"[[384, 390], [385, 391], [386, 392], [387, 393], [388, 394], [389, 395]]"
northeast_pacific/full_domain/hindcast/monthly/regrid/r20250912,ssh,ssh.nep.full.hcast.monthly.regrid.r20250912.199301-202506.nc,396,6,6,,"[[384, 390], [385, 391], [386, 392], [387, 393], [388, 394], [389, 395]]"
northeast_pacific/full_domain/hindcast/monthly/regrid/r20250912,tauuo_rotate,tauuo_rotate.nep.full.hcast.monthly.regrid.r20250912.199301-202506.nc,396,6,6,,"[[384, 390], [385, 391], [386, 392], [387, 393], [388, 394], [389, 395]]"
northeast_pacific/full_domain/hindcast/monthly/regrid/r20250912,tauvo_rotate,tauvo_rotate.nep.full.hcast.monthly.regrid.r20250912.199301-202506.nc,396,6,6,,"[[384, 390], [385, 391], [386, 392], [387, 393], [388, 394], [389, 395]]"
northeast_pacific/full_domain/hindcast/monthly/regrid/r20250912,tob,tob.nep.full.hcast.monthly.regrid.r20250912.199301-202506.nc,396,6,6,,"[[384, 390], [385, 391], [386, 392], [387, 393], [388, 394], [389, 395]]"
northeast_pacific/full_domain/hindcast/monthly/regrid/r20250912,tos,tos.nep.full.hcast.monthly.regrid.r20250912.199301-202506.nc,396,6,6,,"[[384, 390], [385, 391], [386, 392], [387, 393], [388, 394], [389, 395]]"
northeast_pacific/full_domain/hindcast/monthly/regrid/r20250912,tossq,tossq.nep.full.hcast.monthly.regrid.r20250912.199301-202506.nc,396,6,6,,"[[384, 390], [385, 391], [386, 392], [387, 393], [388, 394], [389, 395]]"
northeast_pacific/full_domain/hindcast/monthly/regrid/r20250912,udml_restrat_rotate,udml_restrat_rotate.nep.full.hcast.monthly.regrid.r20250912.199301-202506.nc,396,6,6,,"[[384, 390], [385, 391], [386, 392], [387, 393], [388, 394], [389, 395]]"
northeast_pacific/full_domain/hindcast/monthly/regrid/r20250912,uml_restrat_rotate,uml_restrat_rotate.nep.full.hcast.monthly.regrid.r20250912.199301-202506.nc,396,6,6,,"[[384, 390], [385, 391], [386, 392], [387, 393], [388, 394], [389, 395]]"
northeast_pacific/full_domain/hindcast/monthly/regrid/r20250912,umo_2d_rotate,umo_2d_rotate.nep.full.hcast.monthly.regrid.r20250912.199301-202506.nc,396,6,6,,"[[384, 390], [385, 391], [386, 392], [387, 393], [388, 394], [389, 395]]"
northeast_pacific/full_domain/hindcast/monthly/regrid/r20250912,ustar,ustar.nep.full.hcast.monthly.regrid.r20250912.199301-202506.nc,396,6,6,,"[[384, 390], [385, 391], [386, 392], [387, 393], [388, 394], [389, 395]]"
northeast_pacific/full_domain/hindcast/monthly/regrid/r20250912,vdml_restrat_rotate,vdml_restrat_rotate.nep.full.hcast.monthly.regrid.r20250912.199301-202506.nc,396,6,6,,"[[384, 390], [385, 391], [386, 392], [387, 393], [388, 394], [389, 395]]"
northeast_pacific/full_domain/hindcast/monthly/regrid/r20250912,vml_restrat_rotate,vml_restrat_rotate.nep.full.hcast.monthly.regrid.r20250912.199301-202506.nc,396,6,6,,"[[384, 390], [385, 391], [386, 392], [387, 393], [388, 394], [389, 395]]"
northeast_pacific/full_domain/hindcast/monthly/regrid/r20250912,vmo_2d_rotate,vmo_2d_rotate.nep.full.hcast.monthly.regrid.r20250912.199301-202506.nc,396,6,6,,"[[384, 390], [385, 391], [386, 392], [387, 393], [388, 394], [389, 395]]"
northeast_pacific/full_domain/hindcast/monthly/regrid/r20250912,wfo,wfo.nep.full.hcast.monthly.regrid.r20250912.199301-202506.nc,396,6,6,,"[[384, 390], [385, 391], [386, 392], [387, 393], [388, 394], [389, 395]]"
northeast_pacific/full_domain/hindcast/monthly/regrid/r20250912,zossq,zossq.nep.full.hcast.monthly.regrid.r20250912.199301-202506.nc,396,6,6,,"[[384, 390], [385, 391], [386, 392], [387, 393], [388, 394], [389, 395]]"
northeast_pacific/full_domain/hindcast/monthly/regrid/r20250912,zos,zos.nep.full.hcast.monthly.regrid.r20250912.199301-202506.nc,396,6,6,,"[[384, 390], [385, 391], [386, 392], [387, 393], [388, 394], [389, 395]]"
