category,check,group,var,n_files,files,detail
file,nonstandard-filename,,,2,all.json all.json,all.json in 2 release dirs
file,nonstandard-filename,,,5,ice_stati.json ice_stati.json ice_stati.json ice_stati.json ice_stati.json,ice_stati.json in 5 release dirs
file,nonstandard-filename,,,3,ice_static.json ice_static.json ice_static.json,ice_static.json in 3 release dirs
file,nonstandard-filename,,,5,ice_static.nc ice_static.nc ice_static.nc ice_static.nc ice_static.nc,ice_static.nc in 5 release dirs
file,nonstandard-filename,,,10,ocean_stati.json ocean_stati.json ocean_stati.json ocean_stati.json ocean_stati.json ...,ocean_stati.json in 10 release dirs
file,nonstandard-filename,,,6,ocean_static.json ocean_static.json ocean_static.json ocean_static.json ocean_static.json ...,ocean_static.json in 6 release dirs
file,nonstandard-filename,,,10,ocean_static.nc ocean_static.nc ocean_static.nc ocean_static.nc ocean_static.nc ...,ocean_static.nc in 10 release dirs
file,near-duplicate-variable-name,northeast_pacific/full_domain/hindcast/daily/raw/r20260701,volcello|vollcello,66,volcello.nep.full.hcast.daily.raw.r20260701.199301-199312.nc volcello.nep.full.hcast.daily.raw.r20260701.199401-199412.nc volcello.nep.full.hcast.daily.raw.r20260701.199501-199512.nc volcello.nep.full.hcast.daily.raw.r20260701.199601-199612.nc volcello.nep.full.hcast.daily.raw.r20260701.199701-199712.nc ...,'volcello' and 'vollcello' both present
file,near-duplicate-variable-name,northeast_pacific/full_domain/hindcast/daily/regrid/r20260701,volcello|vollcello,66,volcello.nep.full.hcast.daily.regrid.r20260701.199301-199312.nc volcello.nep.full.hcast.daily.regrid.r20260701.199401-199412.nc volcello.nep.full.hcast.daily.regrid.r20260701.199501-199512.nc volcello.nep.full.hcast.daily.regrid.r20260701.199601-199612.nc volcello.nep.full.hcast.daily.regrid.r20260701.199701-199712.nc ...,'volcello' and 'vollcello' both present
kerchunk,json-url-missing-s3-scheme,northeast_pacific/full_domain/hindcast/daily/raw/r20260701,,413,btm_o2.nep.full.hcast.daily.raw.r20260701.199301-202512.json dissic.nep.full.hcast.daily.raw.r20260701.199301-199312.json dissic.nep.full.hcast.daily.raw.r20260701.199401-199412.json dissic.nep.full.hcast.daily.raw.r20260701.199501-199512.json dissic.nep.full.hcast.daily.raw.r20260701.199601-199612.json ...,
kerchunk,json-url-missing-s3-scheme,northeast_pacific/full_domain/hindcast/daily/regrid/r20260701,,346,btm_htotal.nep.full.hcast.daily.regrid.r20260701.199301-202512.json btm_o2.nep.full.hcast.daily.regrid.r20260701.199301-202512.json dissic.nep.full.hcast.daily.regrid.r20260701.199301-199312.json dissic.nep.full.hcast.daily.regrid.r20260701.199401-199412.json btm_co3_ion.nep.full.hcast.daily.regrid.r20260701.199301-202512.json ...,
kerchunk,json-url-missing-s3-scheme,northeast_pacific/full_domain/hindcast/monthly/raw/r20260701,,460,ALB.nep.full.hcast.monthly.raw.r20260701.199301-202512.json BHEAT.nep.full.hcast.monthly.raw.r20260701.199301-202512.json BMELT.nep.full.hcast.monthly.raw.r20260701.199301-202512.json BSNK.nep.full.hcast.monthly.raw.r20260701.199301-202512.json CN.nep.full.hcast.monthly.raw.r20260701.199301-202512.json ...,
kerchunk,json-url-missing-s3-scheme,northeast_pacific/full_domain/hindcast/monthly/regrid/r20260701,,435,ALB.nep.full.hcast.monthly.regrid.r20260701.199301-202512.json BHEAT.nep.full.hcast.monthly.regrid.r20260701.199301-202512.json BMELT.nep.full.hcast.monthly.regrid.r20260701.199301-202512.json BSNK.nep.full.hcast.monthly.regrid.r20260701.199301-202512.json CN.nep.full.hcast.monthly.regrid.r20260701.199301-202512.json ...,
kerchunk,json-url-missing-s3-scheme,northwest_atlantic/full_domain/decadal_forecast/monthly/raw/r20250925,,1094,MLD_003.nwa.full.dc_fcast.monthly.raw.r20250925.enss.i197001.json MLD_003.nwa.full.dc_fcast.monthly.raw.r20250925.enss.i196501.json MLD_003.nwa.full.dc_fcast.monthly.raw.r20250925.enss.i196601.json MLD_003.nwa.full.dc_fcast.monthly.raw.r20250925.enss.i197201.json MLD_003.nwa.full.dc_fcast.monthly.raw.r20250925.enss.i197301.json ...,
kerchunk,json-url-missing-s3-scheme,northwest_atlantic/full_domain/decadal_forecast/monthly/regrid/r20250925,,1068,MLD_003.nwa.full.dc_fcast.monthly.regrid.r20250925.enss.i196501.json MLD_003.nwa.full.dc_fcast.monthly.regrid.r20250925.enss.i196601.json MLD_003.nwa.full.dc_fcast.monthly.regrid.r20250925.enss.i196701.json MLD_003.nwa.full.dc_fcast.monthly.regrid.r20250925.enss.i196801.json MLD_003.nwa.full.dc_fcast.monthly.regrid.r20250925.enss.i196901.json ...,
kerchunk,json-url-missing-s3-scheme,northwest_atlantic/full_domain/decadal_forecast/yearly/raw/r20250819,,366,btm_co3_ion.nwa.full.dc_fcast.yearly.raw.r20250819.enss.i196501.json btm_co3_ion.nwa.full.dc_fcast.yearly.raw.r20250819.enss.i196601.json btm_co3_ion.nwa.full.dc_fcast.yearly.raw.r20250819.enss.i196701.json btm_co3_ion.nwa.full.dc_fcast.yearly.raw.r20250819.enss.i196801.json btm_co3_ion.nwa.full.dc_fcast.yearly.raw.r20250819.enss.i196901.json ...,
kerchunk,json-url-missing-s3-scheme,northwest_atlantic/full_domain/decadal_forecast/yearly/regrid/r20250819,,366,btm_co3_ion.nwa.full.dc_fcast.yearly.regrid.r20250819.enss.i196901.json btm_co3_ion.nwa.full.dc_fcast.yearly.regrid.r20250819.enss.i197001.json btm_co3_ion.nwa.full.dc_fcast.yearly.regrid.r20250819.enss.i197101.json btm_co3_ion.nwa.full.dc_fcast.yearly.regrid.r20250819.enss.i197201.json btm_co3_ion.nwa.full.dc_fcast.yearly.regrid.r20250819.enss.i196501.json ...,
kerchunk,json-url-missing-s3-scheme,northwest_atlantic/full_domain/hindcast/daily/raw/r20250715,,2,hlos.nwa.full.hcast.daily.raw.r20250715.199301-202312.json o3os.nwa.full.hcast.daily.raw.r20250715.199301-202312.json,
kerchunk,json-url-missing-s3-scheme,northwest_atlantic/full_domain/hindcast/daily/regrid/r20250715,,2,hlos.nwa.full.hcast.daily.regrid.r20250715.199301-202312.json o3os.nwa.full.hcast.daily.regrid.r20250715.199301-202312.json,
kerchunk,json-url-missing-s3-scheme,northwest_atlantic/full_domain/hindcast/monthly/raw/r20250715,,27,alcos.nwa.full.hcast.monthly.raw.r20250715.199301-202312.json ased_redis_delz.nwa.full.hcast.monthly.raw.r20250715.199301-202312.json bact_100.nwa.full.hcast.monthly.raw.r20250715.199301-202312.json det_100.nwa.full.hcast.monthly.raw.r20250715.199301-202312.json di.nwa.full.hcast.monthly.raw.r20250715.199301-202312.json ...,
kerchunk,json-url-missing-s3-scheme,northwest_atlantic/full_domain/hindcast/monthly/regrid/r20250715,,10,det_100.nwa.full.hcast.monthly.regrid.r20250715.199301-202312.json et_heat_coupler.nwa.full.hcast.monthly.regrid.r20250715.199301-202312.json et_massin.nwa.full.hcast.monthly.regrid.r20250715.199301-202312.json hldiatos.nwa.full.hcast.monthly.regrid.r20250715.199301-202312.json hldiazos.nwa.full.hcast.monthly.regrid.r20250715.199301-202312.json ...,
kerchunk,json-url-missing-s3-scheme,northwest_atlantic/full_domain/multi_decadal_outlook/yearly/raw/r20260331,,43,MLD_003.nwa.full.multi_decade.yearly.raw.r20260331.SSP126.1970-2100.json MLD_003.nwa.full.multi_decade.yearly.raw.r20260331.SSP245.1970-2100.json MLD_003.nwa.full.multi_decade.yearly.raw.r20260331.SSP585.1970-2100.json S_adx.nwa.full.multi_decade.yearly.raw.r20260331.SSP126.1970-2100.json T_adx.nwa.full.multi_decade.yearly.raw.r20260331.SSP585.1970-2100.json ...,
kerchunk,json-url-missing-s3-scheme,northwest_atlantic/full_domain/multi_decadal_outlook/yearly/regrid/r20260331,,20,MLD_003.nwa.full.multi_decade.yearly.regrid.r20260331.SSP126.1970-2100.json MLD_003.nwa.full.multi_decade.yearly.regrid.r20260331.SSP245.1970-2100.json MLD_003.nwa.full.multi_decade.yearly.regrid.r20260331.SSP370.1970-2100.json MLD_003.nwa.full.multi_decade.yearly.regrid.r20260331.SSP585.1970-2100.json sos.nwa.full.multi_decade.yearly.regrid.r20260331.SSP370.1970-2100.json ...,
kerchunk,json-url-missing-s3-scheme,northwest_atlantic/full_domain/seasonal_forecast/monthly/raw/r20250710,,48,MLD_003.nwa.full.ss_fcast.monthly.raw.r20250710.enss.i202510.json MLD_003.nwa.full.ss_fcast.monthly.raw.r20250710.enss.i202601.json MLD_003.nwa.full.ss_fcast.monthly.raw.r20250710.enss.i202607.json btm_co3_ion.nwa.full.ss_fcast.monthly.raw.r20250710.enss.i202510.json btm_co3_ion.nwa.full.ss_fcast.monthly.raw.r20250710.enss.i202601.json ...,
kerchunk,json-url-missing-s3-scheme,northwest_atlantic/full_domain/seasonal_forecast/monthly/regrid/r20250710,,49,MLD_003.nwa.full.ss_fcast.monthly.regrid.r20250710.enss.i202510.json MLD_003.nwa.full.ss_fcast.monthly.regrid.r20250710.enss.i202601.json btm_co3_ion.nwa.full.ss_fcast.monthly.regrid.r20250710.enss.i202607.json btm_co3_sol_arag.nwa.full.ss_fcast.monthly.regrid.r20250710.enss.i202510.json btm_co3_sol_arag.nwa.full.ss_fcast.monthly.regrid.r20250710.enss.i202601.json ...,
kerchunk,json-url-missing-s3-scheme,pacific_islands/full_domain/hindcast/daily/raw/r20260427,,19,btm_co3_ion.pci.full.hcast.daily.raw.r20260427.199301-202512.json btm_co3_sol_arag.pci.full.hcast.daily.raw.r20260427.199301-202512.json btm_co3_sol_calc.pci.full.hcast.daily.raw.r20260427.199301-202512.json o3os.pci.full.hcast.daily.raw.r20260427.199301-202512.json ocean_stati.json ...,
kerchunk,json-url-missing-s3-scheme,pacific_islands/full_domain/hindcast/daily/regrid/r20260427,,16,btm_co3_ion.pci.full.hcast.daily.regrid.r20260427.199301-202512.json btm_co3_sol_arag.pci.full.hcast.daily.regrid.r20260427.199301-202512.json btm_co3_sol_calc.pci.full.hcast.daily.regrid.r20260427.199301-202512.json btm_htotal.pci.full.hcast.daily.regrid.r20260427.199301-202512.json btm_o2.pci.full.hcast.daily.regrid.r20260427.199301-202512.json ...,
kerchunk,json-url-missing-s3-scheme,pacific_islands/full_domain/hindcast/monthly/raw/r20260427,,420,Heat_PmE.pci.full.hcast.monthly.raw.r20260427.199301-202512.json LwLatSens.pci.full.hcast.monthly.raw.r20260427.199301-202512.json MLD_003.pci.full.hcast.monthly.raw.r20260427.199301-202512.json MLD_003_max.pci.full.hcast.monthly.raw.r20260427.199301-202512.json MLD_003_min.pci.full.hcast.monthly.raw.r20260427.199301-202512.json ...,
kerchunk,json-url-missing-s3-scheme,pacific_islands/full_domain/hindcast/monthly/regrid/r20260427,,335,Heat_PmE.pci.full.hcast.monthly.regrid.r20260427.199301-202512.json LwLatSens.pci.full.hcast.monthly.regrid.r20260427.199301-202512.json MLD_003.pci.full.hcast.monthly.regrid.r20260427.199301-202512.json MLD_003_max.pci.full.hcast.monthly.regrid.r20260427.199301-202512.json MLD_003_min.pci.full.hcast.monthly.regrid.r20260427.199301-202512.json ...,
kerchunk,json-misnamed,northeast_pacific/full_domain/hindcast/daily/raw/r20260701,,35,hlos.nep.full.hcast.daily.raw.r20260701.199301-202512.json o3.nep.full.hcast.daily.raw.r20260701.199301-199312.json o3.nep.full.hcast.daily.raw.r20260701.199401-199412.json o3.nep.full.hcast.daily.raw.r20260701.199501-199512.json o3.nep.full.hcast.daily.raw.r20260701.199601-199612.json ...,first character dropped
kerchunk,json-misnamed,northeast_pacific/full_domain/hindcast/daily/regrid/r20260701,,35,hlos.nep.full.hcast.daily.regrid.r20260701.199301-202512.json o3.nep.full.hcast.daily.regrid.r20260701.199301-199312.json o3.nep.full.hcast.daily.regrid.r20260701.199401-199412.json o3.nep.full.hcast.daily.regrid.r20260701.199901-199912.json o3.nep.full.hcast.daily.regrid.r20260701.200001-200012.json ...,first character dropped
kerchunk,json-misnamed,northeast_pacific/full_domain/hindcast/monthly/raw/r20260701,,43,alc.nep.full.hcast.monthly.raw.r20260701.199301-202512.json alcos.nep.full.hcast.monthly.raw.r20260701.199301-202512.json ased.nep.full.hcast.monthly.raw.r20260701.199301-202512.json ased_redis_coef.nep.full.hcast.monthly.raw.r20260701.199301-202512.json ased_redis_delz.nep.full.hcast.monthly.raw.r20260701.199301-202512.json ...,first character dropped
kerchunk,json-misnamed,northeast_pacific/full_domain/hindcast/monthly/regrid/r20260701,,43,alc.nep.full.hcast.monthly.regrid.r20260701.199301-202512.json alcos.nep.full.hcast.monthly.regrid.r20260701.199301-202512.json ased.nep.full.hcast.monthly.regrid.r20260701.199301-202512.json ased_redis_coef.nep.full.hcast.monthly.regrid.r20260701.199301-202512.json ased_redis_delz.nep.full.hcast.monthly.regrid.r20260701.199301-202512.json ...,first character dropped
kerchunk,json-misnamed,northwest_atlantic/full_domain/decadal_forecast/monthly/raw/r20250925,,183,lgz_100.nwa.full.dc_fcast.monthly.raw.r20250925.enss.i196501.json lgz_100.nwa.full.dc_fcast.monthly.raw.r20250925.enss.i196601.json lgz_100.nwa.full.dc_fcast.monthly.raw.r20250925.enss.i196701.json lgz_100.nwa.full.dc_fcast.monthly.raw.r20250925.enss.i196801.json lgz_100.nwa.full.dc_fcast.monthly.raw.r20250925.enss.i196901.json ...,first character dropped
kerchunk,json-misnamed,northwest_atlantic/full_domain/decadal_forecast/monthly/regrid/r20250925,,183,lgz_100.nwa.full.dc_fcast.monthly.regrid.r20250925.enss.i196501.json lgz_100.nwa.full.dc_fcast.monthly.regrid.r20250925.enss.i197001.json lgz_100.nwa.full.dc_fcast.monthly.regrid.r20250925.enss.i197101.json lgz_100.nwa.full.dc_fcast.monthly.regrid.r20250925.enss.i197201.json lgz_100.nwa.full.dc_fcast.monthly.regrid.r20250925.enss.i197301.json ...,first character dropped
kerchunk,json-misnamed,northwest_atlantic/full_domain/hindcast/daily/raw/r20250715,,2,hlos.nwa.full.hcast.daily.raw.r20250715.199301-202312.json o3os.nwa.full.hcast.daily.raw.r20250715.199301-202312.json,first character dropped
kerchunk,json-misnamed,northwest_atlantic/full_domain/hindcast/daily/regrid/r20250715,,2,hlos.nwa.full.hcast.daily.regrid.r20250715.199301-202312.json o3os.nwa.full.hcast.daily.regrid.r20250715.199301-202312.json,first character dropped
kerchunk,json-misnamed,northwest_atlantic/full_domain/hindcast/monthly/raw/r20250715,,27,alcos.nwa.full.hcast.monthly.raw.r20250715.199301-202312.json ased_redis_delz.nwa.full.hcast.monthly.raw.r20250715.199301-202312.json bact_100.nwa.full.hcast.monthly.raw.r20250715.199301-202312.json det_100.nwa.full.hcast.monthly.raw.r20250715.199301-202312.json di.nwa.full.hcast.monthly.raw.r20250715.199301-202312.json ...,first character dropped
kerchunk,json-misnamed,northwest_atlantic/full_domain/hindcast/monthly/regrid/r20250715,,10,det_100.nwa.full.hcast.monthly.regrid.r20250715.199301-202312.json et_heat_coupler.nwa.full.hcast.monthly.regrid.r20250715.199301-202312.json et_massin.nwa.full.hcast.monthly.regrid.r20250715.199301-202312.json hldiatos.nwa.full.hcast.monthly.regrid.r20250715.199301-202312.json hldiazos.nwa.full.hcast.monthly.regrid.r20250715.199301-202312.json ...,first character dropped
kerchunk,json-misnamed,northwest_atlantic/full_domain/seasonal_forecast/monthly/raw/r20250710,,3,o3os.nwa.full.ss_fcast.monthly.raw.r20250710.enss.i202510.json o3os.nwa.full.ss_fcast.monthly.raw.r20250710.enss.i202601.json o3os.nwa.full.ss_fcast.monthly.raw.r20250710.enss.i202607.json,first character dropped
kerchunk,json-misnamed,northwest_atlantic/full_domain/seasonal_forecast/monthly/regrid/r20250710,,2,o3os.nwa.full.ss_fcast.monthly.regrid.r20250710.enss.i202510.json o3os.nwa.full.ss_fcast.monthly.regrid.r20250710.enss.i202601.json,first character dropped
kerchunk,json-misnamed,pacific_islands/full_domain/hindcast/daily/raw/r20260427,,2,o3os.pci.full.hcast.daily.raw.r20260427.199301-202512.json hlos.pci.full.hcast.daily.raw.r20260427.199301-202512.json,first character dropped
kerchunk,json-misnamed,pacific_islands/full_domain/hindcast/daily/regrid/r20260427,,2,hlos.pci.full.hcast.daily.regrid.r20260427.199301-202512.json o3os.pci.full.hcast.daily.regrid.r20260427.199301-202512.json,first character dropped
kerchunk,json-misnamed,pacific_islands/full_domain/hindcast/monthly/raw/r20260427,,43,alc.pci.full.hcast.monthly.raw.r20260427.199301-202512.json alcos.pci.full.hcast.monthly.raw.r20260427.199301-202512.json ased.pci.full.hcast.monthly.raw.r20260427.199301-202512.json ased_redis_coef.pci.full.hcast.monthly.raw.r20260427.199301-202512.json ased_redis_delz.pci.full.hcast.monthly.raw.r20260427.199301-202512.json ...,first character dropped
kerchunk,json-misnamed,pacific_islands/full_domain/hindcast/monthly/regrid/r20260427,,27,ased.pci.full.hcast.monthly.regrid.r20260427.199301-202512.json ased_redis_coef.pci.full.hcast.monthly.regrid.r20260427.199301-202512.json ased_redis_delz.pci.full.hcast.monthly.regrid.r20260427.199301-202512.json alc.pci.full.hcast.monthly.regrid.r20260427.199301-202512.json alcos.pci.full.hcast.monthly.regrid.r20260427.199301-202512.json ...,first character dropped
kerchunk,empty-or-unparseable-json,northwest_atlantic/full_domain/decadal_forecast/monthly/raw/r20250925,,4,MLD_003.nwa.full.dc_fcast.monthly.raw.r20250925.enss.i196701.json MLD_003.nwa.full.dc_fcast.monthly.raw.r20250925.enss.i196801.json MLD_003.nwa.full.dc_fcast.monthly.raw.r20250925.enss.i196901.json MLD_003.nwa.full.dc_fcast.monthly.raw.r20250925.enss.i197101.json,empty object
kerchunk,empty-or-unparseable-json,northwest_atlantic/full_domain/decadal_forecast/monthly/regrid/r20250925,,30,wc_vert_int_npp.nwa.full.dc_fcast.monthly.regrid.r20250925.enss.i197401.json wc_vert_int_npp.nwa.full.dc_fcast.monthly.regrid.r20250925.enss.i197501.json wc_vert_int_npp.nwa.full.dc_fcast.monthly.regrid.r20250925.enss.i197601.json wc_vert_int_npp.nwa.full.dc_fcast.monthly.regrid.r20250925.enss.i197901.json wc_vert_int_npp.nwa.full.dc_fcast.monthly.regrid.r20250925.enss.i198201.json ...,empty object
kerchunk,empty-or-unparseable-json,northwest_atlantic/full_domain/hindcast/monthly/raw/r20250715,,16,alc.nwa.full.hcast.monthly.raw.r20250715.199301-202312.json ased.nwa.full.hcast.monthly.raw.r20250715.199301-202312.json ased_redis_coef.nwa.full.hcast.monthly.raw.r20250715.199301-202312.json bact.nwa.full.hcast.monthly.raw.r20250715.199301-202312.json det.nwa.full.hcast.monthly.raw.r20250715.199301-202312.json ...,empty object
kerchunk,empty-or-unparseable-json,northwest_atlantic/full_domain/hindcast/monthly/regrid/r20250715,,34,alc.nwa.full.hcast.monthly.regrid.r20250715.199301-202312.json alcos.nwa.full.hcast.monthly.regrid.r20250715.199301-202312.json bact.nwa.full.hcast.monthly.regrid.r20250715.199301-202312.json bact_100.nwa.full.hcast.monthly.regrid.r20250715.199301-202312.json ased.nwa.full.hcast.monthly.regrid.r20250715.199301-202312.json ...,empty object
kerchunk,empty-or-unparseable-json,northwest_atlantic/full_domain/multi_decadal_outlook/yearly/raw/r20260331,,33,MLD_003.nwa.full.multi_decade.yearly.raw.r20260331.SSP370.1970-2100.json S_adx.nwa.full.multi_decade.yearly.raw.r20260331.SSP245.1970-2100.json S_adx.nwa.full.multi_decade.yearly.raw.r20260331.SSP370.1970-2100.json S_adx.nwa.full.multi_decade.yearly.raw.r20260331.SSP585.1970-2100.json S_ady.nwa.full.multi_decade.yearly.raw.r20260331.SSP126.1970-2100.json ...,empty object
kerchunk,empty-or-unparseable-json,northwest_atlantic/full_domain/multi_decadal_outlook/yearly/regrid/r20260331,,12,so.nwa.full.multi_decade.yearly.regrid.r20260331.SSP126.1970-2100.json so.nwa.full.multi_decade.yearly.regrid.r20260331.SSP245.1970-2100.json sos.nwa.full.multi_decade.yearly.regrid.r20260331.SSP585.1970-2100.json speed.nwa.full.multi_decade.yearly.regrid.r20260331.SSP126.1970-2100.json thetao.nwa.full.multi_decade.yearly.regrid.r20260331.SSP245.1970-2100.json ...,empty object
kerchunk,empty-or-unparseable-json,northwest_atlantic/full_domain/seasonal_forecast/monthly/raw/r20250710,,24,MLD_003.nwa.full.ss_fcast.monthly.raw.r20250710.enss.i202604.json btm_co3_ion.nwa.full.ss_fcast.monthly.raw.r20250710.enss.i202604.json btm_co3_ion.nwa.full.ss_fcast.monthly.raw.r20250710.enss.i202607.json dissicos.nwa.full.ss_fcast.monthly.raw.r20250710.enss.i202604.json dissicos.nwa.full.ss_fcast.monthly.raw.r20250710.enss.i202607.json ...,empty object
kerchunk,empty-or-unparseable-json,northwest_atlantic/full_domain/seasonal_forecast/monthly/regrid/r20250710,,23,btm_co3_ion.nwa.full.ss_fcast.monthly.regrid.r20250710.enss.i202604.json MLD_003.nwa.full.ss_fcast.monthly.regrid.r20250710.enss.i202604.json btm_co3_sol_arag.nwa.full.ss_fcast.monthly.regrid.r20250710.enss.i202604.json btm_htotal.nwa.full.ss_fcast.monthly.regrid.r20250710.enss.i202604.json dissicos.nwa.full.ss_fcast.monthly.regrid.r20250710.enss.i202604.json ...,empty object
kerchunk,json-points-to-other-region-or-experiment,northeast_pacific/full_domain/hindcast/daily/raw/r20260701,,1,ice_stati.json,northwest_atlantic/full_domain/decadal_forecast/monthly/raw/r20250925
kerchunk,json-points-to-other-region-or-experiment,northeast_pacific/full_domain/hindcast/monthly/raw/r20260701,,1,ice_stati.json,northwest_atlantic/full_domain/decadal_forecast/monthly/raw/r20250925
kerchunk,json-points-to-other-region-or-experiment,northeast_pacific/full_domain/hindcast/daily/raw/r20260701,,1,ocean_stati.json,pacific_islands/full_domain/hindcast/monthly/raw/r20260427
kerchunk,json-points-to-other-region-or-experiment,northeast_pacific/full_domain/hindcast/monthly/raw/r20260701,,1,ocean_stati.json,pacific_islands/full_domain/hindcast/monthly/raw/r20260427
kerchunk,json-misnamed,pacific_islands/full_domain/hindcast/monthly/raw/r20260427,,1,ocean_stati.json,last character dropped
kerchunk,json-points-to-other-region-or-experiment,northwest_atlantic/full_domain/decadal_forecast/yearly/raw/r20250819,,1,ocean_static.json,northeast_pacific/full_domain/hindcast/monthly/raw/r20250818
kerchunk,json-points-to-other-region-or-experiment,northwest_atlantic/full_domain/hindcast/daily/raw/r20250715,,2,ice_static.json ocean_static.json,northeast_pacific/full_domain/hindcast/monthly/raw/r20250818
kerchunk,json-points-to-other-region-or-experiment,northwest_atlantic/full_domain/hindcast/monthly/raw/r20250715,,2,ice_static.json ocean_static.json,northeast_pacific/full_domain/hindcast/monthly/raw/r20250818
kerchunk,json-points-to-other-region-or-experiment,northwest_atlantic/full_domain/seasonal_reforecast/monthly/raw/r20250413,,1,ocean_static.json,northeast_pacific/full_domain/hindcast/monthly/raw/r20250818
kerchunk,json-points-to-other-region-or-experiment,northwest_atlantic/full_domain/decadal_forecast/monthly/raw/r20250925,,4,ice_static.json ice_stati.json ocean_stati.json ocean_static.json,northeast_pacific/full_domain/hindcast/monthly/raw/r20250912
kerchunk,json-points-to-other-region-or-experiment,northwest_atlantic/full_domain/decadal_forecast/yearly/raw/r20250819,,1,ocean_stati.json,northeast_pacific/full_domain/hindcast/monthly/raw/r20250912
kerchunk,json-points-to-other-region-or-experiment,northwest_atlantic/full_domain/hindcast/daily/raw/r20250715,,2,ice_stati.json ocean_stati.json,northeast_pacific/full_domain/hindcast/monthly/raw/r20250912
kerchunk,json-points-to-other-region-or-experiment,northwest_atlantic/full_domain/hindcast/monthly/raw/r20250715,,2,ice_stati.json ocean_stati.json,northeast_pacific/full_domain/hindcast/monthly/raw/r20250912
kerchunk,json-points-to-other-region-or-experiment,northwest_atlantic/full_domain/seasonal_forecast/monthly/raw/r20250710,,2,ocean_stati.json ocean_static.json,northeast_pacific/full_domain/hindcast/monthly/raw/r20250912
kerchunk,json-points-to-other-region-or-experiment,northwest_atlantic/full_domain/seasonal_reforecast/monthly/raw/r20250413,,1,ocean_stati.json,northeast_pacific/full_domain/hindcast/monthly/raw/r20250912
kerchunk,json-references-many-files,northwest_atlantic/full_domain/seasonal_reforecast/monthly/raw/r20250413,,1,all.json,480 files
kerchunk,json-references-many-files,northwest_atlantic/full_domain/seasonal_reforecast/monthly/regrid/r20250413,,1,all.json,480 files
kerchunk,json-points-to-other-directory,pacific_islands/full_domain/hindcast/daily/raw/r20260427,,1,ocean_stati.json,monthly/raw/r20260427
kerchunk,nc-not-referenced-by-any-json,northeast_pacific/full_domain/hindcast/daily/raw/r20260701,,2,ice_static.nc ocean_static.nc,
kerchunk,nc-not-referenced-by-any-json,northeast_pacific/full_domain/hindcast/monthly/raw/r20260701,,4,co3.nep.full.hcast.monthly.raw.r20260701.199301-202512.nc ice_static.nc no3os.nep.full.hcast.monthly.raw.r20260701.199301-202512.nc ocean_static.nc,
kerchunk,nc-not-referenced-by-any-json,northeast_pacific/full_domain/hindcast/monthly/regrid/r20260701,,2,co3.nep.full.hcast.monthly.regrid.r20260701.199301-202512.nc no3os.nep.full.hcast.monthly.regrid.r20260701.199301-202512.nc,
kerchunk,nc-not-referenced-by-any-json,northwest_atlantic/full_domain/decadal_forecast/monthly/raw/r20250925,,5,MLD_003.nwa.full.dc_fcast.monthly.raw.r20250925.enss.i196701.nc MLD_003.nwa.full.dc_fcast.monthly.raw.r20250925.enss.i196801.nc MLD_003.nwa.full.dc_fcast.monthly.raw.r20250925.enss.i196901.nc MLD_003.nwa.full.dc_fcast.monthly.raw.r20250925.enss.i197101.nc ocean_static.nc,
kerchunk,nc-not-referenced-by-any-json,northwest_atlantic/full_domain/decadal_forecast/monthly/regrid/r20250925,,30,wc_vert_int_npp.nwa.full.dc_fcast.monthly.regrid.r20250925.enss.i197401.nc wc_vert_int_npp.nwa.full.dc_fcast.monthly.regrid.r20250925.enss.i197501.nc wc_vert_int_npp.nwa.full.dc_fcast.monthly.regrid.r20250925.enss.i197601.nc wc_vert_int_npp.nwa.full.dc_fcast.monthly.regrid.r20250925.enss.i197901.nc wc_vert_int_npp.nwa.full.dc_fcast.monthly.regrid.r20250925.enss.i198201.nc ...,
kerchunk,nc-not-referenced-by-any-json,northwest_atlantic/full_domain/decadal_forecast/yearly/raw/r20250819,,1,ocean_static.nc,
kerchunk,nc-not-referenced-by-any-json,northwest_atlantic/full_domain/hindcast/daily/raw/r20250715,,2,ice_static.nc ocean_static.nc,
kerchunk,nc-not-referenced-by-any-json,northwest_atlantic/full_domain/hindcast/monthly/raw/r20250715,,2,ice_static.nc ocean_static.nc,
kerchunk,nc-not-referenced-by-any-json,northwest_atlantic/full_domain/hindcast/monthly/regrid/r20250715,,1,vmo_rotate.nwa.full.hcast.monthly.regrid.r20250715.199301-202312.nc,
kerchunk,nc-not-referenced-by-any-json,northwest_atlantic/full_domain/multi_decadal_outlook/yearly/raw/r20260331,,33,MLD_003.nwa.full.multi_decade.yearly.raw.r20260331.SSP370.1970-2100.nc S_adx.nwa.full.multi_decade.yearly.raw.r20260331.SSP245.1970-2100.nc S_adx.nwa.full.multi_decade.yearly.raw.r20260331.SSP370.1970-2100.nc S_adx.nwa.full.multi_decade.yearly.raw.r20260331.SSP585.1970-2100.nc S_ady.nwa.full.multi_decade.yearly.raw.r20260331.SSP126.1970-2100.nc ...,
kerchunk,nc-not-referenced-by-any-json,northwest_atlantic/full_domain/multi_decadal_outlook/yearly/regrid/r20260331,,12,so.nwa.full.multi_decade.yearly.regrid.r20260331.SSP126.1970-2100.nc so.nwa.full.multi_decade.yearly.regrid.r20260331.SSP245.1970-2100.nc so.nwa.full.multi_decade.yearly.regrid.r20260331.SSP370.1970-2100.nc sos.nwa.full.multi_decade.yearly.regrid.r20260331.SSP585.1970-2100.nc speed.nwa.full.multi_decade.yearly.regrid.r20260331.SSP126.1970-2100.nc ...,
kerchunk,nc-not-referenced-by-any-json,northwest_atlantic/full_domain/seasonal_forecast/monthly/raw/r20250710,,25,MLD_003.nwa.full.ss_fcast.monthly.raw.r20250710.enss.i202604.nc btm_co3_ion.nwa.full.ss_fcast.monthly.raw.r20250710.enss.i202604.nc btm_co3_ion.nwa.full.ss_fcast.monthly.raw.r20250710.enss.i202607.nc btm_o2.nwa.full.ss_fcast.monthly.raw.r20250710.enss.i202607.nc dissicos.nwa.full.ss_fcast.monthly.raw.r20250710.enss.i202604.nc ...,
kerchunk,nc-not-referenced-by-any-json,northwest_atlantic/full_domain/seasonal_forecast/monthly/regrid/r20250710,,23,MLD_003.nwa.full.ss_fcast.monthly.regrid.r20250710.enss.i202604.nc btm_co3_ion.nwa.full.ss_fcast.monthly.regrid.r20250710.enss.i202604.nc btm_co3_sol_arag.nwa.full.ss_fcast.monthly.regrid.r20250710.enss.i202604.nc btm_htotal.nwa.full.ss_fcast.monthly.regrid.r20250710.enss.i202604.nc btm_o2.nwa.full.ss_fcast.monthly.regrid.r20250710.enss.i202604.nc ...,
kerchunk,nc-not-referenced-by-any-json,pacific_islands/full_domain/hindcast/daily/raw/r20260427,,1,ocean_static.nc,
kerchunk,nc-not-referenced-by-any-json,pacific_islands/full_domain/hindcast/monthly/raw/r20260427,,2,co3.pci.full.hcast.monthly.raw.r20260427.199301-202512.nc no3os.pci.full.hcast.monthly.raw.r20260427.199301-202512.nc,
kerchunk,nc-not-referenced-by-any-json,pacific_islands/full_domain/hindcast/monthly/regrid/r20260427,,1,co3os.pci.full.hcast.monthly.regrid.r20260427.199301-202512.nc,
kerchunk,json-disagrees-with-netcdf,pacific_islands/full_domain/hindcast/monthly/raw/r20260427,T_adx_2d,1,T_adx_2d.pci.full.hcast.monthly.raw.r20260427.199301-202512.nc,"0 of 0 chunk refs differ from VirtualiZarr's manifest; 960 extra refs in json; shape json [396, 539, 726] vs nc [0, 539, 726]"
kerchunk,json-disagrees-with-netcdf,pacific_islands/full_domain/hindcast/monthly/regrid/r20260427,calc,1,calc.pci.full.hcast.monthly.regrid.r20260427.199301-202512.nc,288 of 288 chunk refs differ from VirtualiZarr's manifest; 0 extra refs in json; 
kerchunk,json-disagrees-with-netcdf,pacific_islands/full_domain/hindcast/monthly/regrid/r20260427,time,1,calc.pci.full.hcast.monthly.regrid.r20260427.199301-202512.nc,1 of 1 chunk refs differ from VirtualiZarr's manifest; 0 extra refs in json; 
kerchunk,json-disagrees-with-netcdf,pacific_islands/full_domain/hindcast/monthly/regrid/r20260427,z_l,1,calc.pci.full.hcast.monthly.regrid.r20260427.199301-202512.nc,1 of 1 chunk refs differ from VirtualiZarr's manifest; 0 extra refs in json; 
kerchunk,json-disagrees-with-netcdf,pacific_islands/full_domain/hindcast/monthly/regrid/r20260427,lon,1,calc.pci.full.hcast.monthly.regrid.r20260427.199301-202512.nc,1 of 1 chunk refs differ from VirtualiZarr's manifest; 0 extra refs in json; 
kerchunk,json-disagrees-with-netcdf,pacific_islands/full_domain/hindcast/monthly/regrid/r20260427,lat,1,calc.pci.full.hcast.monthly.regrid.r20260427.199301-202512.nc,1 of 1 chunk refs differ from VirtualiZarr's manifest; 0 extra refs in json; 
kerchunk,json-disagrees-with-netcdf,pacific_islands/full_domain/hindcast/monthly/raw/r20260427,average_DT,1,calc.pci.full.hcast.monthly.raw.r20260427.199301-202512.nc,1 of 1 chunk refs differ from VirtualiZarr's manifest; 0 extra refs in json; 
kerchunk,json-disagrees-with-netcdf,pacific_islands/full_domain/hindcast/monthly/raw/r20260427,average_T1,1,calc.pci.full.hcast.monthly.raw.r20260427.199301-202512.nc,1 of 1 chunk refs differ from VirtualiZarr's manifest; 0 extra refs in json; 
kerchunk,json-disagrees-with-netcdf,pacific_islands/full_domain/hindcast/monthly/raw/r20260427,average_T2,1,calc.pci.full.hcast.monthly.raw.r20260427.199301-202512.nc,1 of 1 chunk refs differ from VirtualiZarr's manifest; 0 extra refs in json; 
kerchunk,json-disagrees-with-netcdf,pacific_islands/full_domain/hindcast/monthly/raw/r20260427,calc,1,calc.pci.full.hcast.monthly.raw.r20260427.199301-202512.nc,39600 of 39600 chunk refs differ from VirtualiZarr's manifest; 0 extra refs in json; 
kerchunk,json-disagrees-with-netcdf,pacific_islands/full_domain/hindcast/monthly/raw/r20260427,time_bnds,1,calc.pci.full.hcast.monthly.raw.r20260427.199301-202512.nc,1 of 1 chunk refs differ from VirtualiZarr's manifest; 0 extra refs in json; 
kerchunk,json-disagrees-with-netcdf,pacific_islands/full_domain/hindcast/monthly/raw/r20260427,volcello,1,calc.pci.full.hcast.monthly.raw.r20260427.199301-202512.nc,missing-in-json
kerchunk,json-disagrees-with-netcdf,pacific_islands/full_domain/hindcast/monthly/raw/r20260427,time,1,calc.pci.full.hcast.monthly.raw.r20260427.199301-202512.nc,1 of 1 chunk refs differ from VirtualiZarr's manifest; 0 extra refs in json; 
kerchunk,json-disagrees-with-netcdf,pacific_islands/full_domain/hindcast/monthly/raw/r20260427,z_l,1,calc.pci.full.hcast.monthly.raw.r20260427.199301-202512.nc,1 of 1 chunk refs differ from VirtualiZarr's manifest; 0 extra refs in json; 
kerchunk,json-disagrees-with-netcdf,pacific_islands/full_domain/hindcast/monthly/raw/r20260427,yh,1,calc.pci.full.hcast.monthly.raw.r20260427.199301-202512.nc,1 of 1 chunk refs differ from VirtualiZarr's manifest; 0 extra refs in json; 
kerchunk,json-disagrees-with-netcdf,pacific_islands/full_domain/hindcast/monthly/raw/r20260427,xh,1,calc.pci.full.hcast.monthly.raw.r20260427.199301-202512.nc,1 of 1 chunk refs differ from VirtualiZarr's manifest; 0 extra refs in json; 
kerchunk,json-disagrees-with-netcdf,pacific_islands/full_domain/hindcast/monthly/raw/r20260427,z_i,1,calc.pci.full.hcast.monthly.raw.r20260427.199301-202512.nc,1 of 1 chunk refs differ from VirtualiZarr's manifest; 0 extra refs in json; 
file,virtualizarr-cannot-parse,northeast_pacific/full_domain/hindcast/daily/raw/r20260701,,2,ice_static.nc ocean_static.nc,OSError: Unable to synchronously open file
file,virtualizarr-cannot-parse,northeast_pacific/full_domain/hindcast/monthly/raw/r20260701,,1,ice_static.nc,OSError: Unable to synchronously open file
file,virtualizarr-cannot-parse,northwest_atlantic/full_domain/decadal_forecast/monthly/raw/r20250925,,2,ice_static.nc ocean_static.nc,OSError: Unable to synchronously open file
file,virtualizarr-cannot-parse,northwest_atlantic/full_domain/hindcast/daily/raw/r20250715,,1,ocean_static.nc,OSError: Unable to synchronously open file
file,virtualizarr-cannot-parse,northwest_atlantic/full_domain/seasonal_forecast/monthly/raw/r20250710,,1,ocean_static.nc,OSError: Unable to synchronously open file
file,virtualizarr-cannot-parse,northwest_atlantic/full_domain/seasonal_reforecast/monthly/raw/r20250413,,1,ocean_static.nc,OSError: Unable to synchronously open file
file,netcdf3-format,northeast_pacific/full_domain/hindcast/daily/raw/r20260701,,2,ice_static.nc ocean_static.nc,netCDF3 classic: VirtualiZarr's HDFParser can't read it (needs the netCDF3 parser or conversion)
file,netcdf3-format,northeast_pacific/full_domain/hindcast/monthly/raw/r20260701,,2,ice_static.nc ocean_static.nc,netCDF3 classic: VirtualiZarr's HDFParser can't read it (needs the netCDF3 parser or conversion)
file,netcdf3-format,northwest_atlantic/full_domain/decadal_forecast/monthly/raw/r20250925,,2,ice_static.nc ocean_static.nc,netCDF3 classic: VirtualiZarr's HDFParser can't read it (needs the netCDF3 parser or conversion)
file,netcdf3-format,northwest_atlantic/full_domain/hindcast/daily/raw/r20250715,,1,ocean_static.nc,netCDF3 classic: VirtualiZarr's HDFParser can't read it (needs the netCDF3 parser or conversion)
file,netcdf3-format,northwest_atlantic/full_domain/hindcast/monthly/raw/r20250715,,1,ocean_static.nc,netCDF3 classic: VirtualiZarr's HDFParser can't read it (needs the netCDF3 parser or conversion)
file,netcdf3-format,northwest_atlantic/full_domain/seasonal_forecast/monthly/raw/r20250710,,1,ocean_static.nc,netCDF3 classic: VirtualiZarr's HDFParser can't read it (needs the netCDF3 parser or conversion)
file,netcdf3-format,northwest_atlantic/full_domain/seasonal_reforecast/monthly/raw/r20250413,,1,ocean_static.nc,netCDF3 classic: VirtualiZarr's HDFParser can't read it (needs the netCDF3 parser or conversion)
file,filename-variable-not-in-file,pacific_islands/full_domain/hindcast/monthly/raw/r20260427,,1,speed.pci.full.hcast.monthly.raw.r20260427.199301-202512.nc,e.g. speed: the variable named in the filename isn't in the file
file,empty-data-variable,pacific_islands/full_domain/hindcast/monthly/raw/r20260427,,2,T_adx_2d.pci.full.hcast.monthly.raw.r20260427.199301-202512.nc ffedet_btm.pci.full.hcast.monthly.raw.r20260427.199301-202512.nc,"T_adx_2d shape [0, 539, 726]; ffedet_btm shape [0, 539, 725]"
concat,irregular-time-step,northwest_atlantic/full_domain/multi_decadal_outlook/yearly/raw/r20260331,T_adx,1,T_adx.nwa.full.multi_decade.yearly.raw.r20260331.SSP585.1970-2100.nc,"1 steps outside 365.0-366.0 days, e.g. [np.float64(730.5)]"
hygiene,time-units-not-cf,pacific_islands/full_domain/hindcast/monthly/raw/r20260427,T_adx_2d,1,T_adx_2d.pci.full.hcast.monthly.raw.r20260427.199301-202512.nc,units=nan
hygiene,time-units-or-calendar-vary,northwest_atlantic/full_domain/decadal_forecast/monthly/raw/r20250925,,2,,days since 1993-04-01 / gregorian: 1 files; days since 2022-01-01 / gregorian: 1 files
hygiene,time-units-or-calendar-vary,pacific_islands/full_domain/hindcast/monthly/raw/r20260427,,422,,days since 1993-01-01 / gregorian: 421 files; nan / nan: 1 files
concat,time-chunk-does-not-divide-file-length,northeast_pacific/full_domain/hindcast/daily/raw/r20260701,dissic,33,,"time chunk 100, file lengths [365, 366]: every file ends in a partial chunk, so a regular chunk grid can't concatenate them"
concat,time-chunk-does-not-divide-file-length,northeast_pacific/full_domain/hindcast/daily/raw/r20260701,no3,33,,"time chunk 100, file lengths [365, 366]: every file ends in a partial chunk, so a regular chunk grid can't concatenate them"
concat,time-chunk-does-not-divide-file-length,northeast_pacific/full_domain/hindcast/daily/raw/r20260701,o2,33,,"time chunk 100, file lengths [365, 366]: every file ends in a partial chunk, so a regular chunk grid can't concatenate them"
concat,time-chunk-does-not-divide-file-length,northeast_pacific/full_domain/hindcast/daily/raw/r20260701,po4,33,,"time chunk 100, file lengths [365, 366]: every file ends in a partial chunk, so a regular chunk grid can't concatenate them"
concat,time-chunk-does-not-divide-file-length,northeast_pacific/full_domain/hindcast/daily/raw/r20260701,si,33,,"time chunk 100, file lengths [365, 366]: every file ends in a partial chunk, so a regular chunk grid can't concatenate them"
concat,time-chunk-does-not-divide-file-length,northeast_pacific/full_domain/hindcast/daily/raw/r20260701,so,33,,"time chunk 100, file lengths [365, 366]: every file ends in a partial chunk, so a regular chunk grid can't concatenate them"
concat,time-chunk-does-not-divide-file-length,northeast_pacific/full_domain/hindcast/daily/raw/r20260701,talk,33,,"time chunk 100, file lengths [365, 366]: every file ends in a partial chunk, so a regular chunk grid can't concatenate them"
concat,time-chunk-does-not-divide-file-length,northeast_pacific/full_domain/hindcast/daily/raw/r20260701,thetao,33,,"time chunk 100, file lengths [365, 366]: every file ends in a partial chunk, so a regular chunk grid can't concatenate them"
concat,time-chunk-does-not-divide-file-length,northeast_pacific/full_domain/hindcast/daily/raw/r20260701,uo,33,,"time chunk 100, file lengths [365, 366]: every file ends in a partial chunk, so a regular chunk grid can't concatenate them"
concat,time-chunk-does-not-divide-file-length,northeast_pacific/full_domain/hindcast/daily/raw/r20260701,vo,33,,"time chunk 100, file lengths [365, 366]: every file ends in a partial chunk, so a regular chunk grid can't concatenate them"
concat,time-chunk-does-not-divide-file-length,northeast_pacific/full_domain/hindcast/daily/raw/r20260701,volcello,33,,"time chunk 100, file lengths [365, 366]: every file ends in a partial chunk, so a regular chunk grid can't concatenate them"
concat,time-chunk-does-not-divide-file-length,northeast_pacific/full_domain/hindcast/daily/raw/r20260701,vollcello,33,,"time chunk 100, file lengths [365, 366]: every file ends in a partial chunk, so a regular chunk grid can't concatenate them"
concat,time-chunk-does-not-divide-file-length,northeast_pacific/full_domain/hindcast/daily/regrid/r20260701,dissic,33,,"time chunk 100, file lengths [365, 366]: every file ends in a partial chunk, so a regular chunk grid can't concatenate them"
concat,time-chunk-does-not-divide-file-length,northeast_pacific/full_domain/hindcast/daily/regrid/r20260701,no3,33,,"time chunk 100, file lengths [365, 366]: every file ends in a partial chunk, so a regular chunk grid can't concatenate them"
concat,time-chunk-does-not-divide-file-length,northeast_pacific/full_domain/hindcast/daily/regrid/r20260701,o2,33,,"time chunk 100, file lengths [365, 366]: every file ends in a partial chunk, so a regular chunk grid can't concatenate them"
concat,time-chunk-does-not-divide-file-length,northeast_pacific/full_domain/hindcast/daily/regrid/r20260701,po4,33,,"time chunk 100, file lengths [365, 366]: every file ends in a partial chunk, so a regular chunk grid can't concatenate them"
concat,time-chunk-does-not-divide-file-length,northeast_pacific/full_domain/hindcast/daily/regrid/r20260701,si,33,,"time chunk 100, file lengths [365, 366]: every file ends in a partial chunk, so a regular chunk grid can't concatenate them"
concat,time-chunk-does-not-divide-file-length,northeast_pacific/full_domain/hindcast/daily/regrid/r20260701,so,33,,"time chunk 100, file lengths [365, 366]: every file ends in a partial chunk, so a regular chunk grid can't concatenate them"
concat,time-chunk-does-not-divide-file-length,northeast_pacific/full_domain/hindcast/daily/regrid/r20260701,talk,33,,"time chunk 100, file lengths [365, 366]: every file ends in a partial chunk, so a regular chunk grid can't concatenate them"
concat,time-chunk-does-not-divide-file-length,northeast_pacific/full_domain/hindcast/daily/regrid/r20260701,thetao,33,,"time chunk 100, file lengths [365, 366]: every file ends in a partial chunk, so a regular chunk grid can't concatenate them"
concat,time-chunk-does-not-divide-file-length,northeast_pacific/full_domain/hindcast/daily/regrid/r20260701,volcello,33,,"time chunk 100, file lengths [365, 366]: every file ends in a partial chunk, so a regular chunk grid can't concatenate them"
concat,time-chunk-does-not-divide-file-length,northeast_pacific/full_domain/hindcast/daily/regrid/r20260701,vollcello,33,,"time chunk 100, file lengths [365, 366]: every file ends in a partial chunk, so a regular chunk grid can't concatenate them"
single-group,time-axis-differs-from-group,northwest_atlantic/full_domain/multi_decadal_outlook/yearly/raw/r20260331,T_adx.SSP585,1,,ntime 130 vs 131
single-group,time-axis-clusters,northwest_atlantic/full_domain/multi_decadal_outlook/yearly/raw/r20260331,,76,,75 vars: 131 steps 1970-07-02..2100-07-02 | 1 vars: 130 steps 1970-07-02..2100-07-02
single-group,time-axis-differs-from-group,pacific_islands/full_domain/hindcast/monthly/raw/r20260427,T_adx_2d,1,,ntime 0 vs 396; starts nan vs 1993-01-16; ends nan vs 2025-12-16
single-group,time-axis-clusters,pacific_islands/full_domain/hindcast/monthly/raw/r20260427,,421,,1 vars: 0 steps nan..nan | 420 vars: 396 steps 1993-01-16..2025-12-16
concat,spatial-shape-varies-across-files,northwest_atlantic/full_domain/seasonal_forecast/monthly/raw/r20250710,MLD_003,4,MLD_003.nwa.full.ss_fcast.monthly.raw.r20250710.enss.i202601.nc MLD_003.nwa.full.ss_fcast.monthly.raw.r20250710.enss.i202510.nc MLD_003.nwa.full.ss_fcast.monthly.raw.r20250710.enss.i202604.nc MLD_003.nwa.full.ss_fcast.monthly.raw.r20250710.enss.i202607.nc,"[10, 845, 775]: 3 | [9, 845, 775]: 1"
concat,spatial-shape-varies-across-files,northwest_atlantic/full_domain/seasonal_forecast/monthly/raw/r20250710,btm_co3_ion,4,btm_co3_ion.nwa.full.ss_fcast.monthly.raw.r20250710.enss.i202510.nc btm_co3_ion.nwa.full.ss_fcast.monthly.raw.r20250710.enss.i202604.nc btm_co3_ion.nwa.full.ss_fcast.monthly.raw.r20250710.enss.i202607.nc btm_co3_ion.nwa.full.ss_fcast.monthly.raw.r20250710.enss.i202601.nc,"[10, 845, 775]: 3 | [9, 845, 775]: 1"
concat,spatial-shape-varies-across-files,northwest_atlantic/full_domain/seasonal_forecast/monthly/raw/r20250710,btm_co3_sol_arag,4,btm_co3_sol_arag.nwa.full.ss_fcast.monthly.raw.r20250710.enss.i202510.nc btm_co3_sol_arag.nwa.full.ss_fcast.monthly.raw.r20250710.enss.i202601.nc btm_co3_sol_arag.nwa.full.ss_fcast.monthly.raw.r20250710.enss.i202604.nc btm_co3_sol_arag.nwa.full.ss_fcast.monthly.raw.r20250710.enss.i202607.nc,"[10, 845, 775]: 3 | [9, 845, 775]: 1"
concat,spatial-shape-varies-across-files,northwest_atlantic/full_domain/seasonal_forecast/monthly/raw/r20250710,btm_htotal,4,btm_htotal.nwa.full.ss_fcast.monthly.raw.r20250710.enss.i202510.nc btm_htotal.nwa.full.ss_fcast.monthly.raw.r20250710.enss.i202604.nc btm_htotal.nwa.full.ss_fcast.monthly.raw.r20250710.enss.i202607.nc btm_htotal.nwa.full.ss_fcast.monthly.raw.r20250710.enss.i202601.nc,"[10, 845, 775]: 3 | [9, 845, 775]: 1"
concat,spatial-shape-varies-across-files,northwest_atlantic/full_domain/seasonal_forecast/monthly/raw/r20250710,btm_o2,4,btm_o2.nwa.full.ss_fcast.monthly.raw.r20250710.enss.i202510.nc btm_o2.nwa.full.ss_fcast.monthly.raw.r20250710.enss.i202604.nc btm_o2.nwa.full.ss_fcast.monthly.raw.r20250710.enss.i202601.nc btm_o2.nwa.full.ss_fcast.monthly.raw.r20250710.enss.i202607.nc,"[10, 845, 775]: 3 | [9, 845, 775]: 1"
concat,spatial-shape-varies-across-files,northwest_atlantic/full_domain/seasonal_forecast/monthly/raw/r20250710,dissicos,4,dissicos.nwa.full.ss_fcast.monthly.raw.r20250710.enss.i202510.nc dissicos.nwa.full.ss_fcast.monthly.raw.r20250710.enss.i202601.nc dissicos.nwa.full.ss_fcast.monthly.raw.r20250710.enss.i202604.nc dissicos.nwa.full.ss_fcast.monthly.raw.r20250710.enss.i202607.nc,"[10, 845, 775]: 3 | [9, 845, 775]: 1"
concat,spatial-shape-varies-across-files,northwest_atlantic/full_domain/seasonal_forecast/monthly/raw/r20250710,no3os,4,no3os.nwa.full.ss_fcast.monthly.raw.r20250710.enss.i202510.nc no3os.nwa.full.ss_fcast.monthly.raw.r20250710.enss.i202607.nc no3os.nwa.full.ss_fcast.monthly.raw.r20250710.enss.i202601.nc no3os.nwa.full.ss_fcast.monthly.raw.r20250710.enss.i202604.nc,"[10, 845, 775]: 3 | [9, 845, 775]: 1"
concat,spatial-shape-varies-across-files,northwest_atlantic/full_domain/seasonal_forecast/monthly/raw/r20250710,pco2surf,4,pco2surf.nwa.full.ss_fcast.monthly.raw.r20250710.enss.i202510.nc pco2surf.nwa.full.ss_fcast.monthly.raw.r20250710.enss.i202601.nc pco2surf.nwa.full.ss_fcast.monthly.raw.r20250710.enss.i202604.nc pco2surf.nwa.full.ss_fcast.monthly.raw.r20250710.enss.i202607.nc,"[10, 845, 775]: 3 | [9, 845, 775]: 1"
concat,spatial-shape-varies-across-files,northwest_atlantic/full_domain/seasonal_forecast/monthly/raw/r20250710,phos,4,phos.nwa.full.ss_fcast.monthly.raw.r20250710.enss.i202510.nc phos.nwa.full.ss_fcast.monthly.raw.r20250710.enss.i202601.nc phos.nwa.full.ss_fcast.monthly.raw.r20250710.enss.i202604.nc phos.nwa.full.ss_fcast.monthly.raw.r20250710.enss.i202607.nc,"[10, 845, 775]: 3 | [9, 845, 775]: 1"
concat,spatial-shape-varies-across-files,northwest_atlantic/full_domain/seasonal_forecast/monthly/raw/r20250710,po4os,4,po4os.nwa.full.ss_fcast.monthly.raw.r20250710.enss.i202510.nc po4os.nwa.full.ss_fcast.monthly.raw.r20250710.enss.i202604.nc po4os.nwa.full.ss_fcast.monthly.raw.r20250710.enss.i202601.nc po4os.nwa.full.ss_fcast.monthly.raw.r20250710.enss.i202607.nc,"[10, 845, 775]: 3 | [9, 845, 775]: 1"
concat,spatial-shape-varies-across-files,northwest_atlantic/full_domain/seasonal_forecast/monthly/raw/r20250710,sfc_co3_ion,4,sfc_co3_ion.nwa.full.ss_fcast.monthly.raw.r20250710.enss.i202601.nc sfc_co3_ion.nwa.full.ss_fcast.monthly.raw.r20250710.enss.i202510.nc sfc_co3_ion.nwa.full.ss_fcast.monthly.raw.r20250710.enss.i202604.nc sfc_co3_ion.nwa.full.ss_fcast.monthly.raw.r20250710.enss.i202607.nc,"[10, 845, 775]: 3 | [9, 845, 775]: 1"
concat,spatial-shape-varies-across-files,northwest_atlantic/full_domain/seasonal_forecast/monthly/raw/r20250710,sfc_co3_sol_arag,4,sfc_co3_sol_arag.nwa.full.ss_fcast.monthly.raw.r20250710.enss.i202510.nc sfc_co3_sol_arag.nwa.full.ss_fcast.monthly.raw.r20250710.enss.i202601.nc sfc_co3_sol_arag.nwa.full.ss_fcast.monthly.raw.r20250710.enss.i202604.nc sfc_co3_sol_arag.nwa.full.ss_fcast.monthly.raw.r20250710.enss.i202607.nc,"[10, 845, 775]: 3 | [9, 845, 775]: 1"
concat,spatial-shape-varies-across-files,northwest_atlantic/full_domain/seasonal_forecast/monthly/raw/r20250710,sios,4,sios.nwa.full.ss_fcast.monthly.raw.r20250710.enss.i202510.nc sios.nwa.full.ss_fcast.monthly.raw.r20250710.enss.i202604.nc sios.nwa.full.ss_fcast.monthly.raw.r20250710.enss.i202601.nc sios.nwa.full.ss_fcast.monthly.raw.r20250710.enss.i202607.nc,"[10, 845, 775]: 3 | [9, 845, 775]: 1"
concat,spatial-shape-varies-across-files,northwest_atlantic/full_domain/seasonal_forecast/monthly/raw/r20250710,sob,4,sob.nwa.full.ss_fcast.monthly.raw.r20250710.enss.i202510.nc sob.nwa.full.ss_fcast.monthly.raw.r20250710.enss.i202601.nc sob.nwa.full.ss_fcast.monthly.raw.r20250710.enss.i202607.nc sob.nwa.full.ss_fcast.monthly.raw.r20250710.enss.i202604.nc,"[10, 845, 775]: 3 | [9, 845, 775]: 1"
concat,spatial-shape-varies-across-files,northwest_atlantic/full_domain/seasonal_forecast/monthly/raw/r20250710,sos,4,sos.nwa.full.ss_fcast.monthly.raw.r20250710.enss.i202601.nc sos.nwa.full.ss_fcast.monthly.raw.r20250710.enss.i202604.nc sos.nwa.full.ss_fcast.monthly.raw.r20250710.enss.i202510.nc sos.nwa.full.ss_fcast.monthly.raw.r20250710.enss.i202607.nc,"[10, 845, 775]: 3 | [9, 845, 775]: 1"
concat,spatial-shape-varies-across-files,northwest_atlantic/full_domain/seasonal_forecast/monthly/raw/r20250710,talkos,4,talkos.nwa.full.ss_fcast.monthly.raw.r20250710.enss.i202510.nc talkos.nwa.full.ss_fcast.monthly.raw.r20250710.enss.i202601.nc talkos.nwa.full.ss_fcast.monthly.raw.r20250710.enss.i202604.nc talkos.nwa.full.ss_fcast.monthly.raw.r20250710.enss.i202607.nc,"[10, 845, 775]: 3 | [9, 845, 775]: 1"
concat,spatial-shape-varies-across-files,northwest_atlantic/full_domain/seasonal_forecast/monthly/raw/r20250710,tob,4,tob.nwa.full.ss_fcast.monthly.raw.r20250710.enss.i202510.nc tob.nwa.full.ss_fcast.monthly.raw.r20250710.enss.i202604.nc tob.nwa.full.ss_fcast.monthly.raw.r20250710.enss.i202601.nc tob.nwa.full.ss_fcast.monthly.raw.r20250710.enss.i202607.nc,"[10, 845, 775]: 3 | [9, 845, 775]: 1"
concat,spatial-shape-varies-across-files,northwest_atlantic/full_domain/seasonal_forecast/monthly/raw/r20250710,tos,4,tos.nwa.full.ss_fcast.monthly.raw.r20250710.enss.i202510.nc tos.nwa.full.ss_fcast.monthly.raw.r20250710.enss.i202601.nc tos.nwa.full.ss_fcast.monthly.raw.r20250710.enss.i202604.nc tos.nwa.full.ss_fcast.monthly.raw.r20250710.enss.i202607.nc,"[10, 845, 775]: 3 | [9, 845, 775]: 1"
concat,spatial-shape-varies-across-files,northwest_atlantic/full_domain/seasonal_forecast/monthly/regrid/r20250710,MLD_003,4,MLD_003.nwa.full.ss_fcast.monthly.regrid.r20250710.enss.i202601.nc MLD_003.nwa.full.ss_fcast.monthly.regrid.r20250710.enss.i202604.nc MLD_003.nwa.full.ss_fcast.monthly.regrid.r20250710.enss.i202607.nc MLD_003.nwa.full.ss_fcast.monthly.regrid.r20250710.enss.i202510.nc,"[10, 844, 774]: 3 | [9, 844, 774]: 1"
concat,spatial-shape-varies-across-files,northwest_atlantic/full_domain/seasonal_forecast/monthly/regrid/r20250710,btm_co3_ion,4,btm_co3_ion.nwa.full.ss_fcast.monthly.regrid.r20250710.enss.i202607.nc btm_co3_ion.nwa.full.ss_fcast.monthly.regrid.r20250710.enss.i202601.nc btm_co3_ion.nwa.full.ss_fcast.monthly.regrid.r20250710.enss.i202604.nc btm_co3_ion.nwa.full.ss_fcast.monthly.regrid.r20250710.enss.i202510.nc,"[10, 844, 774]: 3 | [9, 844, 774]: 1"
concat,spatial-shape-varies-across-files,northwest_atlantic/full_domain/seasonal_forecast/monthly/regrid/r20250710,btm_co3_sol_arag,4,btm_co3_sol_arag.nwa.full.ss_fcast.monthly.regrid.r20250710.enss.i202604.nc btm_co3_sol_arag.nwa.full.ss_fcast.monthly.regrid.r20250710.enss.i202607.nc btm_co3_sol_arag.nwa.full.ss_fcast.monthly.regrid.r20250710.enss.i202601.nc btm_co3_sol_arag.nwa.full.ss_fcast.monthly.regrid.r20250710.enss.i202510.nc,"[10, 844, 774]: 3 | [9, 844, 774]: 1"
concat,spatial-shape-varies-across-files,northwest_atlantic/full_domain/seasonal_forecast/monthly/regrid/r20250710,btm_htotal,4,btm_htotal.nwa.full.ss_fcast.monthly.regrid.r20250710.enss.i202601.nc btm_htotal.nwa.full.ss_fcast.monthly.regrid.r20250710.enss.i202604.nc btm_htotal.nwa.full.ss_fcast.monthly.regrid.r20250710.enss.i202510.nc btm_htotal.nwa.full.ss_fcast.monthly.regrid.r20250710.enss.i202607.nc,"[10, 844, 774]: 3 | [9, 844, 774]: 1"
concat,spatial-shape-varies-across-files,northwest_atlantic/full_domain/seasonal_forecast/monthly/regrid/r20250710,btm_o2,4,btm_o2.nwa.full.ss_fcast.monthly.regrid.r20250710.enss.i202601.nc btm_o2.nwa.full.ss_fcast.monthly.regrid.r20250710.enss.i202607.nc btm_o2.nwa.full.ss_fcast.monthly.regrid.r20250710.enss.i202604.nc btm_o2.nwa.full.ss_fcast.monthly.regrid.r20250710.enss.i202510.nc,"[10, 844, 774]: 3 | [9, 844, 774]: 1"
concat,spatial-shape-varies-across-files,northwest_atlantic/full_domain/seasonal_forecast/monthly/regrid/r20250710,dissicos,4,dissicos.nwa.full.ss_fcast.monthly.regrid.r20250710.enss.i202604.nc dissicos.nwa.full.ss_fcast.monthly.regrid.r20250710.enss.i202601.nc dissicos.nwa.full.ss_fcast.monthly.regrid.r20250710.enss.i202607.nc dissicos.nwa.full.ss_fcast.monthly.regrid.r20250710.enss.i202510.nc,"[10, 844, 774]: 3 | [9, 844, 774]: 1"
concat,spatial-shape-varies-across-files,northwest_atlantic/full_domain/seasonal_forecast/monthly/regrid/r20250710,no3os,4,no3os.nwa.full.ss_fcast.monthly.regrid.r20250710.enss.i202601.nc no3os.nwa.full.ss_fcast.monthly.regrid.r20250710.enss.i202604.nc no3os.nwa.full.ss_fcast.monthly.regrid.r20250710.enss.i202510.nc no3os.nwa.full.ss_fcast.monthly.regrid.r20250710.enss.i202607.nc,"[10, 844, 774]: 3 | [9, 844, 774]: 1"
concat,spatial-shape-varies-across-files,northwest_atlantic/full_domain/seasonal_forecast/monthly/regrid/r20250710,pco2surf,4,pco2surf.nwa.full.ss_fcast.monthly.regrid.r20250710.enss.i202601.nc pco2surf.nwa.full.ss_fcast.monthly.regrid.r20250710.enss.i202604.nc pco2surf.nwa.full.ss_fcast.monthly.regrid.r20250710.enss.i202607.nc pco2surf.nwa.full.ss_fcast.monthly.regrid.r20250710.enss.i202510.nc,"[10, 844, 774]: 3 | [9, 844, 774]: 1"
concat,spatial-shape-varies-across-files,northwest_atlantic/full_domain/seasonal_forecast/monthly/regrid/r20250710,phos,4,phos.nwa.full.ss_fcast.monthly.regrid.r20250710.enss.i202604.nc phos.nwa.full.ss_fcast.monthly.regrid.r20250710.enss.i202601.nc phos.nwa.full.ss_fcast.monthly.regrid.r20250710.enss.i202607.nc phos.nwa.full.ss_fcast.monthly.regrid.r20250710.enss.i202510.nc,"[10, 844, 774]: 3 | [9, 844, 774]: 1"
concat,spatial-shape-varies-across-files,northwest_atlantic/full_domain/seasonal_forecast/monthly/regrid/r20250710,po4os,4,po4os.nwa.full.ss_fcast.monthly.regrid.r20250710.enss.i202601.nc po4os.nwa.full.ss_fcast.monthly.regrid.r20250710.enss.i202604.nc po4os.nwa.full.ss_fcast.monthly.regrid.r20250710.enss.i202607.nc po4os.nwa.full.ss_fcast.monthly.regrid.r20250710.enss.i202510.nc,"[10, 844, 774]: 3 | [9, 844, 774]: 1"
concat,spatial-shape-varies-across-files,northwest_atlantic/full_domain/seasonal_forecast/monthly/regrid/r20250710,sfc_co3_ion,4,sfc_co3_ion.nwa.full.ss_fcast.monthly.regrid.r20250710.enss.i202601.nc sfc_co3_ion.nwa.full.ss_fcast.monthly.regrid.r20250710.enss.i202604.nc sfc_co3_ion.nwa.full.ss_fcast.monthly.regrid.r20250710.enss.i202607.nc sfc_co3_ion.nwa.full.ss_fcast.monthly.regrid.r20250710.enss.i202510.nc,"[10, 844, 774]: 3 | [9, 844, 774]: 1"
concat,spatial-shape-varies-across-files,northwest_atlantic/full_domain/seasonal_forecast/monthly/regrid/r20250710,sfc_co3_sol_arag,4,sfc_co3_sol_arag.nwa.full.ss_fcast.monthly.regrid.r20250710.enss.i202604.nc sfc_co3_sol_arag.nwa.full.ss_fcast.monthly.regrid.r20250710.enss.i202607.nc sfc_co3_sol_arag.nwa.full.ss_fcast.monthly.regrid.r20250710.enss.i202601.nc sfc_co3_sol_arag.nwa.full.ss_fcast.monthly.regrid.r20250710.enss.i202510.nc,"[10, 844, 774]: 3 | [9, 844, 774]: 1"
concat,spatial-shape-varies-across-files,northwest_atlantic/full_domain/seasonal_forecast/monthly/regrid/r20250710,sios,4,sios.nwa.full.ss_fcast.monthly.regrid.r20250710.enss.i202601.nc sios.nwa.full.ss_fcast.monthly.regrid.r20250710.enss.i202607.nc sios.nwa.full.ss_fcast.monthly.regrid.r20250710.enss.i202604.nc sios.nwa.full.ss_fcast.monthly.regrid.r20250710.enss.i202510.nc,"[10, 844, 774]: 3 | [9, 844, 774]: 1"
concat,spatial-shape-varies-across-files,northwest_atlantic/full_domain/seasonal_forecast/monthly/regrid/r20250710,sob,4,sob.nwa.full.ss_fcast.monthly.regrid.r20250710.enss.i202601.nc sob.nwa.full.ss_fcast.monthly.regrid.r20250710.enss.i202607.nc sob.nwa.full.ss_fcast.monthly.regrid.r20250710.enss.i202604.nc sob.nwa.full.ss_fcast.monthly.regrid.r20250710.enss.i202510.nc,"[10, 844, 774]: 3 | [9, 844, 774]: 1"
concat,spatial-shape-varies-across-files,northwest_atlantic/full_domain/seasonal_forecast/monthly/regrid/r20250710,sos,4,sos.nwa.full.ss_fcast.monthly.regrid.r20250710.enss.i202601.nc sos.nwa.full.ss_fcast.monthly.regrid.r20250710.enss.i202604.nc sos.nwa.full.ss_fcast.monthly.regrid.r20250710.enss.i202607.nc sos.nwa.full.ss_fcast.monthly.regrid.r20250710.enss.i202510.nc,"[10, 844, 774]: 3 | [9, 844, 774]: 1"
concat,spatial-shape-varies-across-files,northwest_atlantic/full_domain/seasonal_forecast/monthly/regrid/r20250710,talkos,4,talkos.nwa.full.ss_fcast.monthly.regrid.r20250710.enss.i202601.nc talkos.nwa.full.ss_fcast.monthly.regrid.r20250710.enss.i202604.nc talkos.nwa.full.ss_fcast.monthly.regrid.r20250710.enss.i202607.nc talkos.nwa.full.ss_fcast.monthly.regrid.r20250710.enss.i202510.nc,"[10, 844, 774]: 3 | [9, 844, 774]: 1"
concat,spatial-shape-varies-across-files,northwest_atlantic/full_domain/seasonal_forecast/monthly/regrid/r20250710,tob,4,tob.nwa.full.ss_fcast.monthly.regrid.r20250710.enss.i202601.nc tob.nwa.full.ss_fcast.monthly.regrid.r20250710.enss.i202510.nc tob.nwa.full.ss_fcast.monthly.regrid.r20250710.enss.i202607.nc tob.nwa.full.ss_fcast.monthly.regrid.r20250710.enss.i202604.nc,"[10, 844, 774]: 3 | [9, 844, 774]: 1"
concat,spatial-shape-varies-across-files,northwest_atlantic/full_domain/seasonal_forecast/monthly/regrid/r20250710,tos,4,tos.nwa.full.ss_fcast.monthly.regrid.r20250710.enss.i202604.nc tos.nwa.full.ss_fcast.monthly.regrid.r20250710.enss.i202601.nc tos.nwa.full.ss_fcast.monthly.regrid.r20250710.enss.i202607.nc tos.nwa.full.ss_fcast.monthly.regrid.r20250710.enss.i202510.nc,"[10, 844, 774]: 3 | [9, 844, 774]: 1"
concat,h5_fillvalue-varies-across-files,northwest_atlantic/full_domain/seasonal_reforecast/monthly/raw/r20250413,sos,120,sos.nwa.full.ss_refcast.monthly.raw.r20250413.enss.i199407.nc sos.nwa.full.ss_refcast.monthly.raw.r20250413.enss.i199401.nc sos.nwa.full.ss_refcast.monthly.raw.r20250413.enss.i199404.nc sos.nwa.full.ss_refcast.monthly.raw.r20250413.enss.i199410.nc sos.nwa.full.ss_refcast.monthly.raw.r20250413.enss.i199501.nc ...,9.969209968386869e+36: 90 | NaN: 30
concat,h5_fillvalue-varies-across-files,northwest_atlantic/full_domain/seasonal_reforecast/monthly/raw/r20250413,tob,120,tob.nwa.full.ss_refcast.monthly.raw.r20250413.enss.i199401.nc tob.nwa.full.ss_refcast.monthly.raw.r20250413.enss.i199404.nc tob.nwa.full.ss_refcast.monthly.raw.r20250413.enss.i199407.nc tob.nwa.full.ss_refcast.monthly.raw.r20250413.enss.i199410.nc tob.nwa.full.ss_refcast.monthly.raw.r20250413.enss.i199504.nc ...,9.969209968386869e+36: 90 | NaN: 30
concat,h5_fillvalue-varies-across-files,northwest_atlantic/full_domain/seasonal_reforecast/monthly/raw/r20250413,tos,120,tos.nwa.full.ss_refcast.monthly.raw.r20250413.enss.i199401.nc tos.nwa.full.ss_refcast.monthly.raw.r20250413.enss.i199404.nc tos.nwa.full.ss_refcast.monthly.raw.r20250413.enss.i199410.nc tos.nwa.full.ss_refcast.monthly.raw.r20250413.enss.i199407.nc tos.nwa.full.ss_refcast.monthly.raw.r20250413.enss.i199507.nc ...,9.969209968386869e+36: 90 | NaN: 30
chunking,chunk-size-outside-1-100MB,northeast_pacific/full_domain/hindcast/daily/raw/r20260701,,12,,"12 of 28 variables have chunks over 100 MB uncompressed, e.g. dissic chunks [100, 10, 200, 200] = 160.0 MB"
chunking,chunk-size-outside-1-100MB,northeast_pacific/full_domain/hindcast/daily/regrid/r20260701,,10,,"10 of 26 variables have chunks over 100 MB uncompressed, e.g. dissic chunks [100, 10, 200, 200] = 160.0 MB"
chunking,chunk-size-outside-1-100MB,northeast_pacific/full_domain/hindcast/monthly/raw/r20260701,,70,,"70 of 461 variables have chunks over 100 MB uncompressed, e.g. calc chunks [100, 10, 200, 200] = 160.0 MB"
chunking,chunk-size-outside-1-100MB,northeast_pacific/full_domain/hindcast/monthly/regrid/r20260701,,64,,"64 of 437 variables have chunks over 100 MB uncompressed, e.g. calc chunks [100, 10, 200, 200] = 160.0 MB"
chunking,chunk-size-outside-1-100MB,northwest_atlantic/full_domain/hindcast/monthly/raw/r20250715,,76,,"76 of 488 variables have chunks over 100 MB uncompressed, e.g. chl_Lg chunks [100, 10, 200, 200] = 160.0 MB"
chunking,chunk-size-outside-1-100MB,northwest_atlantic/full_domain/hindcast/monthly/regrid/r20250715,,70,,"70 of 464 variables have chunks over 100 MB uncompressed, e.g. chl chunks [100, 10, 200, 200] = 160.0 MB"
chunking,chunk-size-outside-1-100MB,pacific_islands/full_domain/hindcast/daily/raw/r20260427,,18,,"18 of 18 variables have chunks under 1 MB uncompressed, e.g. btm_co3_ion chunks [20, 100, 100] = 0.8 MB"
chunking,chunk-size-outside-1-100MB,pacific_islands/full_domain/hindcast/monthly/raw/r20260427,,346,,"346 of 420 variables have chunks under 1 MB uncompressed, e.g. Heat_PmE chunks [20, 100, 100] = 0.8 MB"
chunking,chunk-size-outside-1-100MB,pacific_islands/full_domain/hindcast/monthly/regrid/r20260427,,1,,"1 of 336 variables have chunks over 100 MB uncompressed, e.g. calc chunks [100, 10, 200, 200] = 160.0 MB"
chunking,chunk-shapes-within-release,northeast_pacific/full_domain/hindcast/daily/raw/r20260701,,16,,"3-D variables: 1 chunk shapes ([213, 109, 45] x16); 16 of 16 look like netCDF-C default chunking (~4 MiB)"
chunking,chunk-shapes-within-release,northeast_pacific/full_domain/hindcast/monthly/raw/r20260701,,390,,"3-D variables: 1 chunk shapes ([38, 255, 107] x390); 390 of 390 look like netCDF-C default chunking (~4 MiB)"
chunking,chunk-shapes-within-release,northeast_pacific/full_domain/hindcast/monthly/raw/r20260701,,71,,"4-D variables: 2 chunk shapes ([100, 10, 200, 200] x70; [100, 5, 200, 200] x1)"
chunking,chunk-shapes-within-release,northeast_pacific/full_domain/hindcast/monthly/regrid/r20260701,,65,,"4-D variables: 2 chunk shapes ([100, 10, 200, 200] x64; [99, 1, 204, 86] x1)"
chunking,chunk-shapes-within-release,northwest_atlantic/full_domain/hindcast/monthly/raw/r20250715,,77,,"4-D variables: 2 chunk shapes ([100, 10, 200, 200] x76; [100, 5, 200, 200] x1)"
chunking,chunk-shapes-within-release,northwest_atlantic/full_domain/hindcast/monthly/regrid/r20250715,,71,,"4-D variables: 2 chunk shapes ([100, 10, 200, 200] x70; [75, 1, 169, 155] x1)"
chunking,chunk-shapes-within-release,northwest_atlantic/full_domain/seasonal_forecast/monthly/raw/r20250710,,18,,"4-D variables: 2 chunk shapes ([12, 9, 200, 200] x15; [12, 10, 200, 200] x3)"
concat,chunk-larger-than-array,pacific_islands/full_domain/hindcast/daily/raw/r20260427,,1,ocean_static.nc,"1 variable names in 1 files, e.g. time shape [1] chunks [512]"
concat,chunk-larger-than-array,pacific_islands/full_domain/hindcast/monthly/raw/r20260427,,828,Heat_PmE.pci.full.hcast.monthly.raw.r20260427.199301-202512.nc LwLatSens.pci.full.hcast.monthly.raw.r20260427.199301-202512.nc MLD_003_max.pci.full.hcast.monthly.raw.r20260427.199301-202512.nc MLD_003_min.pci.full.hcast.monthly.raw.r20260427.199301-202512.nc MLD_003.pci.full.hcast.monthly.raw.r20260427.199301-202512.nc ...,"5 variable names in 422 files, e.g. time_bnds shape [396, 2] chunks [800, 2]; T_adx_2d shape [0, 539, 726] chunks [20, 100, 100]; time shape [0] chunks [1]; average_DT shape [396] chunks [512]"
single-group,coordinate-values-differ,pacific_islands/full_domain/hindcast/monthly/raw/r20260427,xh,413,,411 files n=725.0 [174.2927703857422..214.54905700683594] e.g. Heat_PmE | 2 files n=725.0 [0.0..0.0] e.g. ffedet_btm
single-group,coordinate-values-differ,pacific_islands/full_domain/hindcast/monthly/raw/r20260427,yh,413,,410 files n=539.0 [8.938441276550293..38.088340759277344] e.g. Heat_PmE | 3 files n=539.0 [0.0..0.0] e.g. T_adx_2d
single-group,coordinate-values-differ,pacific_islands/full_domain/hindcast/monthly/raw/r20260427,xq,10,,9 files n=726.0 [174.24696350097656..214.5946044921875] e.g. S_adx_2d | 1 files n=726.0 [0.0..0.0] e.g. T_adx_2d
single-group,coordinate-values-differ,northwest_atlantic/full_domain/hindcast/monthly/regrid/r20250715,lon,464,,427 files n=774.0 [-98.4422607421875..-36.079986572265625] e.g. Heat_PmE | 37 files n=774.0 [-98.0..-36.079986572265625] e.g. BMELT
single-group,coordinate-values-differ,northwest_atlantic/full_domain/seasonal_forecast/monthly/raw/r20250710,member,72,,54 files n=10.0 [1.0..10.0] e.g. MLD_003 | 18 files n=9.0 [1.0..10.0] e.g. MLD_003
single-group,coordinate-values-differ,northwest_atlantic/full_domain/seasonal_forecast/monthly/regrid/r20250710,member,72,,54 files n=10.0 [1.0..10.0] e.g. MLD_003 | 18 files n=9.0 [1.0..10.0] e.g. MLD_003
single-group,coordinate-values-differ,northeast_pacific/full_domain/hindcast/daily/raw/r20260701,geolon,411,,409 files n=nan [nan..nan] e.g. dissic | 1 files n=nan [nan..nan] e.g. nan | 1 files n=nan [nan..nan] e.g. nan
single-group,coordinate-values-differ,northeast_pacific/full_domain/hindcast/monthly/raw/r20260701,geolon,463,,461 files n=nan [nan..nan] e.g. ALB | 1 files n=nan [nan..nan] e.g. nan | 1 files n=nan [nan..nan] e.g. nan
single-group,coordinate-values-differ,northeast_pacific/full_domain/hindcast/daily/raw/r20260701,geolat,411,,409 files n=nan [nan..nan] e.g. dissic | 1 files n=nan [nan..nan] e.g. nan | 1 files n=nan [nan..nan] e.g. nan
single-group,coordinate-values-differ,northeast_pacific/full_domain/hindcast/monthly/raw/r20260701,geolat,463,,461 files n=nan [nan..nan] e.g. ALB | 1 files n=nan [nan..nan] e.g. nan | 1 files n=nan [nan..nan] e.g. nan
single-group,bundled-extra-variable,northeast_pacific/full_domain/hindcast/daily/raw/r20260701,volcello,66,so.nep.full.hcast.daily.raw.r20260701.199301-199312.nc so.nep.full.hcast.daily.raw.r20260701.199401-199412.nc so.nep.full.hcast.daily.raw.r20260701.199501-199512.nc so.nep.full.hcast.daily.raw.r20260701.199901-199912.nc so.nep.full.hcast.daily.raw.r20260701.199701-199712.nc ...,"in 2 other variables' files (shapes ['[365, 52, 816, 342]', '[366, 52, 816, 342]']); it also has its own file, so a naive merge sees two copies"
single-group,bundled-extra-variable,northeast_pacific/full_domain/hindcast/daily/raw/r20260701,vollcello,198,dissic.nep.full.hcast.daily.raw.r20260701.199401-199412.nc dissic.nep.full.hcast.daily.raw.r20260701.199301-199312.nc dissic.nep.full.hcast.daily.raw.r20260701.199501-199512.nc dissic.nep.full.hcast.daily.raw.r20260701.199601-199612.nc dissic.nep.full.hcast.daily.raw.r20260701.199701-199712.nc ...,"in 6 other variables' files (shapes ['[365, 52, 816, 342]', '[366, 52, 816, 342]']); it also has its own file, so a naive merge sees two copies"
hygiene,bundled-extra-variable,northeast_pacific/full_domain/hindcast/monthly/raw/r20260701,ct,1,CN.nep.full.hcast.monthly.raw.r20260701.199301-202512.nc,in 1 other variables' files (shapes ['[5]'])
single-group,bundled-extra-variable,northeast_pacific/full_domain/hindcast/monthly/raw/r20260701,volcello,62,calc.nep.full.hcast.monthly.raw.r20260701.199301-202512.nc chl.nep.full.hcast.monthly.raw.r20260701.199301-202512.nc chl_Md.nep.full.hcast.monthly.raw.r20260701.199301-202512.nc chl_Di.nep.full.hcast.monthly.raw.r20260701.199301-202512.nc chl_Lg.nep.full.hcast.monthly.raw.r20260701.199301-202512.nc ...,"in 62 other variables' files (shapes ['[396, 52, 816, 342]']); it also has its own file, so a naive merge sees two copies"
hygiene,bundled-extra-variable,northeast_pacific/full_domain/hindcast/monthly/raw/r20260701,xB,3,FI_X.nep.full.hcast.monthly.raw.r20260701.199301-202512.nc FA_X.nep.full.hcast.monthly.raw.r20260701.199301-202512.nc IX_TRANS.nep.full.hcast.monthly.raw.r20260701.199301-202512.nc,in 3 other variables' files (shapes ['[343]'])
hygiene,bundled-extra-variable,northeast_pacific/full_domain/hindcast/monthly/raw/r20260701,yB,3,FA_Y.nep.full.hcast.monthly.raw.r20260701.199301-202512.nc FI_Y.nep.full.hcast.monthly.raw.r20260701.199301-202512.nc IY_TRANS.nep.full.hcast.monthly.raw.r20260701.199301-202512.nc,in 3 other variables' files (shapes ['[817]'])
hygiene,bundled-extra-variable,northeast_pacific/full_domain/hindcast/monthly/regrid/r20260701,ct,1,CN.nep.full.hcast.monthly.regrid.r20260701.199301-202512.nc,in 1 other variables' files (shapes ['[5]'])
hygiene,bundled-extra-variable,northwest_atlantic/full_domain/hindcast/monthly/raw/r20250715,ct,1,CN.nwa.full.hcast.monthly.raw.r20250715.199301-202312.nc,in 1 other variables' files (shapes ['[5]'])
single-group,bundled-extra-variable,northwest_atlantic/full_domain/hindcast/monthly/raw/r20250715,volcello,62,chl_Lg.nwa.full.hcast.monthly.raw.r20250715.199301-202312.nc calc.nwa.full.hcast.monthly.raw.r20250715.199301-202312.nc chl_Di.nwa.full.hcast.monthly.raw.r20250715.199301-202312.nc chl_Md.nwa.full.hcast.monthly.raw.r20250715.199301-202312.nc chl.nwa.full.hcast.monthly.raw.r20250715.199301-202312.nc ...,"in 62 other variables' files (shapes ['[372, 52, 845, 775]']); it also has its own file, so a naive merge sees two copies"
hygiene,bundled-extra-variable,northwest_atlantic/full_domain/hindcast/monthly/raw/r20250715,xB,3,FA_X.nwa.full.hcast.monthly.raw.r20250715.199301-202312.nc FI_X.nwa.full.hcast.monthly.raw.r20250715.199301-202312.nc IX_TRANS.nwa.full.hcast.monthly.raw.r20250715.199301-202312.nc,in 3 other variables' files (shapes ['[776]'])
hygiene,bundled-extra-variable,northwest_atlantic/full_domain/hindcast/monthly/raw/r20250715,xT,40,ALB.nwa.full.hcast.monthly.raw.r20250715.199301-202312.nc BHEAT.nwa.full.hcast.monthly.raw.r20250715.199301-202312.nc BMELT.nwa.full.hcast.monthly.raw.r20250715.199301-202312.nc EXT.nwa.full.hcast.monthly.raw.r20250715.199301-202312.nc E2MELT.nwa.full.hcast.monthly.raw.r20250715.199301-202312.nc ...,in 40 other variables' files (shapes ['[775]'])
hygiene,bundled-extra-variable,northwest_atlantic/full_domain/hindcast/monthly/raw/r20250715,xTe,40,ALB.nwa.full.hcast.monthly.raw.r20250715.199301-202312.nc BHEAT.nwa.full.hcast.monthly.raw.r20250715.199301-202312.nc BMELT.nwa.full.hcast.monthly.raw.r20250715.199301-202312.nc EXT.nwa.full.hcast.monthly.raw.r20250715.199301-202312.nc E2MELT.nwa.full.hcast.monthly.raw.r20250715.199301-202312.nc ...,in 40 other variables' files (shapes ['[776]'])
hygiene,bundled-extra-variable,northwest_atlantic/full_domain/hindcast/monthly/raw/r20250715,yB,3,FA_Y.nwa.full.hcast.monthly.raw.r20250715.199301-202312.nc FI_Y.nwa.full.hcast.monthly.raw.r20250715.199301-202312.nc IY_TRANS.nwa.full.hcast.monthly.raw.r20250715.199301-202312.nc,in 3 other variables' files (shapes ['[846]'])
hygiene,bundled-extra-variable,northwest_atlantic/full_domain/hindcast/monthly/raw/r20250715,yT,40,ALB.nwa.full.hcast.monthly.raw.r20250715.199301-202312.nc BHEAT.nwa.full.hcast.monthly.raw.r20250715.199301-202312.nc BMELT.nwa.full.hcast.monthly.raw.r20250715.199301-202312.nc EXT.nwa.full.hcast.monthly.raw.r20250715.199301-202312.nc E2MELT.nwa.full.hcast.monthly.raw.r20250715.199301-202312.nc ...,in 40 other variables' files (shapes ['[845]'])
hygiene,bundled-extra-variable,northwest_atlantic/full_domain/hindcast/monthly/raw/r20250715,yTe,40,ALB.nwa.full.hcast.monthly.raw.r20250715.199301-202312.nc BHEAT.nwa.full.hcast.monthly.raw.r20250715.199301-202312.nc BMELT.nwa.full.hcast.monthly.raw.r20250715.199301-202312.nc EXT.nwa.full.hcast.monthly.raw.r20250715.199301-202312.nc E2MELT.nwa.full.hcast.monthly.raw.r20250715.199301-202312.nc ...,in 40 other variables' files (shapes ['[846]'])
hygiene,bundled-extra-variable,northwest_atlantic/full_domain/hindcast/monthly/regrid/r20250715,ct,1,CN.nwa.full.hcast.monthly.regrid.r20250715.199301-202312.nc,in 1 other variables' files (shapes ['[5]'])
hygiene,bundled-extra-variable,northwest_atlantic/full_domain/seasonal_forecast/monthly/raw/r20250710,MLD_003_anom,4,MLD_003.nwa.full.ss_fcast.monthly.raw.r20250710.enss.i202601.nc MLD_003.nwa.full.ss_fcast.monthly.raw.r20250710.enss.i202510.nc MLD_003.nwa.full.ss_fcast.monthly.raw.r20250710.enss.i202604.nc MLD_003.nwa.full.ss_fcast.monthly.raw.r20250710.enss.i202607.nc,"in 1 other variables' files (shapes ['[12, 10, 845, 775]', '[12, 9, 845, 775]'])"
hygiene,bundled-extra-variable,northwest_atlantic/full_domain/seasonal_forecast/monthly/raw/r20250710,btm_co3_ion_anom,4,btm_co3_ion.nwa.full.ss_fcast.monthly.raw.r20250710.enss.i202510.nc btm_co3_ion.nwa.full.ss_fcast.monthly.raw.r20250710.enss.i202604.nc btm_co3_ion.nwa.full.ss_fcast.monthly.raw.r20250710.enss.i202607.nc btm_co3_ion.nwa.full.ss_fcast.monthly.raw.r20250710.enss.i202601.nc,"in 1 other variables' files (shapes ['[12, 10, 845, 775]', '[12, 9, 845, 775]'])"
hygiene,bundled-extra-variable,northwest_atlantic/full_domain/seasonal_forecast/monthly/raw/r20250710,btm_co3_sol_arag_anom,4,btm_co3_sol_arag.nwa.full.ss_fcast.monthly.raw.r20250710.enss.i202510.nc btm_co3_sol_arag.nwa.full.ss_fcast.monthly.raw.r20250710.enss.i202601.nc btm_co3_sol_arag.nwa.full.ss_fcast.monthly.raw.r20250710.enss.i202604.nc btm_co3_sol_arag.nwa.full.ss_fcast.monthly.raw.r20250710.enss.i202607.nc,"in 1 other variables' files (shapes ['[12, 10, 845, 775]', '[12, 9, 845, 775]'])"
hygiene,bundled-extra-variable,northwest_atlantic/full_domain/seasonal_forecast/monthly/raw/r20250710,btm_htotal_anom,4,btm_htotal.nwa.full.ss_fcast.monthly.raw.r20250710.enss.i202510.nc btm_htotal.nwa.full.ss_fcast.monthly.raw.r20250710.enss.i202604.nc btm_htotal.nwa.full.ss_fcast.monthly.raw.r20250710.enss.i202607.nc btm_htotal.nwa.full.ss_fcast.monthly.raw.r20250710.enss.i202601.nc,"in 1 other variables' files (shapes ['[12, 10, 845, 775]', '[12, 9, 845, 775]'])"
hygiene,bundled-extra-variable,northwest_atlantic/full_domain/seasonal_forecast/monthly/raw/r20250710,btm_o2_anom,4,btm_o2.nwa.full.ss_fcast.monthly.raw.r20250710.enss.i202510.nc btm_o2.nwa.full.ss_fcast.monthly.raw.r20250710.enss.i202604.nc btm_o2.nwa.full.ss_fcast.monthly.raw.r20250710.enss.i202601.nc btm_o2.nwa.full.ss_fcast.monthly.raw.r20250710.enss.i202607.nc,"in 1 other variables' files (shapes ['[12, 10, 845, 775]', '[12, 9, 845, 775]'])"
hygiene,bundled-extra-variable,northwest_atlantic/full_domain/seasonal_forecast/monthly/raw/r20250710,dissicos_anom,4,dissicos.nwa.full.ss_fcast.monthly.raw.r20250710.enss.i202510.nc dissicos.nwa.full.ss_fcast.monthly.raw.r20250710.enss.i202601.nc dissicos.nwa.full.ss_fcast.monthly.raw.r20250710.enss.i202604.nc dissicos.nwa.full.ss_fcast.monthly.raw.r20250710.enss.i202607.nc,"in 1 other variables' files (shapes ['[12, 10, 845, 775]', '[12, 9, 845, 775]'])"
hygiene,bundled-extra-variable,northwest_atlantic/full_domain/seasonal_forecast/monthly/raw/r20250710,no3os_anom,4,no3os.nwa.full.ss_fcast.monthly.raw.r20250710.enss.i202510.nc no3os.nwa.full.ss_fcast.monthly.raw.r20250710.enss.i202607.nc no3os.nwa.full.ss_fcast.monthly.raw.r20250710.enss.i202601.nc no3os.nwa.full.ss_fcast.monthly.raw.r20250710.enss.i202604.nc,"in 1 other variables' files (shapes ['[12, 10, 845, 775]', '[12, 9, 845, 775]'])"
hygiene,bundled-extra-variable,northwest_atlantic/full_domain/seasonal_forecast/monthly/raw/r20250710,pco2surf_anom,4,pco2surf.nwa.full.ss_fcast.monthly.raw.r20250710.enss.i202510.nc pco2surf.nwa.full.ss_fcast.monthly.raw.r20250710.enss.i202601.nc pco2surf.nwa.full.ss_fcast.monthly.raw.r20250710.enss.i202604.nc pco2surf.nwa.full.ss_fcast.monthly.raw.r20250710.enss.i202607.nc,"in 1 other variables' files (shapes ['[12, 10, 845, 775]', '[12, 9, 845, 775]'])"
hygiene,bundled-extra-variable,northwest_atlantic/full_domain/seasonal_forecast/monthly/raw/r20250710,phos_anom,4,phos.nwa.full.ss_fcast.monthly.raw.r20250710.enss.i202510.nc phos.nwa.full.ss_fcast.monthly.raw.r20250710.enss.i202601.nc phos.nwa.full.ss_fcast.monthly.raw.r20250710.enss.i202604.nc phos.nwa.full.ss_fcast.monthly.raw.r20250710.enss.i202607.nc,"in 1 other variables' files (shapes ['[12, 10, 845, 775]', '[12, 9, 845, 775]'])"
hygiene,bundled-extra-variable,northwest_atlantic/full_domain/seasonal_forecast/monthly/raw/r20250710,po4os_anom,4,po4os.nwa.full.ss_fcast.monthly.raw.r20250710.enss.i202510.nc po4os.nwa.full.ss_fcast.monthly.raw.r20250710.enss.i202604.nc po4os.nwa.full.ss_fcast.monthly.raw.r20250710.enss.i202601.nc po4os.nwa.full.ss_fcast.monthly.raw.r20250710.enss.i202607.nc,"in 1 other variables' files (shapes ['[12, 10, 845, 775]', '[12, 9, 845, 775]'])"
hygiene,bundled-extra-variable,northwest_atlantic/full_domain/seasonal_forecast/monthly/raw/r20250710,sfc_co3_ion_anom,4,sfc_co3_ion.nwa.full.ss_fcast.monthly.raw.r20250710.enss.i202601.nc sfc_co3_ion.nwa.full.ss_fcast.monthly.raw.r20250710.enss.i202510.nc sfc_co3_ion.nwa.full.ss_fcast.monthly.raw.r20250710.enss.i202604.nc sfc_co3_ion.nwa.full.ss_fcast.monthly.raw.r20250710.enss.i202607.nc,"in 1 other variables' files (shapes ['[12, 10, 845, 775]', '[12, 9, 845, 775]'])"
hygiene,bundled-extra-variable,northwest_atlantic/full_domain/seasonal_forecast/monthly/raw/r20250710,sfc_co3_sol_arag_anom,4,sfc_co3_sol_arag.nwa.full.ss_fcast.monthly.raw.r20250710.enss.i202510.nc sfc_co3_sol_arag.nwa.full.ss_fcast.monthly.raw.r20250710.enss.i202601.nc sfc_co3_sol_arag.nwa.full.ss_fcast.monthly.raw.r20250710.enss.i202604.nc sfc_co3_sol_arag.nwa.full.ss_fcast.monthly.raw.r20250710.enss.i202607.nc,"in 1 other variables' files (shapes ['[12, 10, 845, 775]', '[12, 9, 845, 775]'])"
hygiene,bundled-extra-variable,northwest_atlantic/full_domain/seasonal_forecast/monthly/raw/r20250710,sios_anom,4,sios.nwa.full.ss_fcast.monthly.raw.r20250710.enss.i202510.nc sios.nwa.full.ss_fcast.monthly.raw.r20250710.enss.i202604.nc sios.nwa.full.ss_fcast.monthly.raw.r20250710.enss.i202601.nc sios.nwa.full.ss_fcast.monthly.raw.r20250710.enss.i202607.nc,"in 1 other variables' files (shapes ['[12, 10, 845, 775]', '[12, 9, 845, 775]'])"
hygiene,bundled-extra-variable,northwest_atlantic/full_domain/seasonal_forecast/monthly/raw/r20250710,sob_anom,4,sob.nwa.full.ss_fcast.monthly.raw.r20250710.enss.i202510.nc sob.nwa.full.ss_fcast.monthly.raw.r20250710.enss.i202601.nc sob.nwa.full.ss_fcast.monthly.raw.r20250710.enss.i202607.nc sob.nwa.full.ss_fcast.monthly.raw.r20250710.enss.i202604.nc,"in 1 other variables' files (shapes ['[12, 10, 845, 775]', '[12, 9, 845, 775]'])"
hygiene,bundled-extra-variable,northwest_atlantic/full_domain/seasonal_forecast/monthly/raw/r20250710,sos_anom,4,sos.nwa.full.ss_fcast.monthly.raw.r20250710.enss.i202601.nc sos.nwa.full.ss_fcast.monthly.raw.r20250710.enss.i202604.nc sos.nwa.full.ss_fcast.monthly.raw.r20250710.enss.i202510.nc sos.nwa.full.ss_fcast.monthly.raw.r20250710.enss.i202607.nc,"in 1 other variables' files (shapes ['[12, 10, 845, 775]', '[12, 9, 845, 775]'])"
hygiene,bundled-extra-variable,northwest_atlantic/full_domain/seasonal_forecast/monthly/raw/r20250710,talkos_anom,4,talkos.nwa.full.ss_fcast.monthly.raw.r20250710.enss.i202510.nc talkos.nwa.full.ss_fcast.monthly.raw.r20250710.enss.i202601.nc talkos.nwa.full.ss_fcast.monthly.raw.r20250710.enss.i202604.nc talkos.nwa.full.ss_fcast.monthly.raw.r20250710.enss.i202607.nc,"in 1 other variables' files (shapes ['[12, 10, 845, 775]', '[12, 9, 845, 775]'])"
hygiene,bundled-extra-variable,northwest_atlantic/full_domain/seasonal_forecast/monthly/raw/r20250710,tob_anom,4,tob.nwa.full.ss_fcast.monthly.raw.r20250710.enss.i202510.nc tob.nwa.full.ss_fcast.monthly.raw.r20250710.enss.i202604.nc tob.nwa.full.ss_fcast.monthly.raw.r20250710.enss.i202601.nc tob.nwa.full.ss_fcast.monthly.raw.r20250710.enss.i202607.nc,"in 1 other variables' files (shapes ['[12, 10, 845, 775]', '[12, 9, 845, 775]'])"
hygiene,bundled-extra-variable,northwest_atlantic/full_domain/seasonal_forecast/monthly/raw/r20250710,tos_anom,4,tos.nwa.full.ss_fcast.monthly.raw.r20250710.enss.i202510.nc tos.nwa.full.ss_fcast.monthly.raw.r20250710.enss.i202601.nc tos.nwa.full.ss_fcast.monthly.raw.r20250710.enss.i202604.nc tos.nwa.full.ss_fcast.monthly.raw.r20250710.enss.i202607.nc,"in 1 other variables' files (shapes ['[12, 10, 845, 775]', '[12, 9, 845, 775]'])"
hygiene,bundled-extra-variable,northwest_atlantic/full_domain/seasonal_forecast/monthly/raw/r20250710,valid_time,72,MLD_003.nwa.full.ss_fcast.monthly.raw.r20250710.enss.i202601.nc MLD_003.nwa.full.ss_fcast.monthly.raw.r20250710.enss.i202510.nc MLD_003.nwa.full.ss_fcast.monthly.raw.r20250710.enss.i202604.nc btm_co3_ion.nwa.full.ss_fcast.monthly.raw.r20250710.enss.i202510.nc btm_co3_ion.nwa.full.ss_fcast.monthly.raw.r20250710.enss.i202604.nc ...,in 18 other variables' files (shapes ['[12]'])
hygiene,bundled-extra-variable,northwest_atlantic/full_domain/seasonal_forecast/monthly/regrid/r20250710,MLD_003_anom,4,MLD_003.nwa.full.ss_fcast.monthly.regrid.r20250710.enss.i202601.nc MLD_003.nwa.full.ss_fcast.monthly.regrid.r20250710.enss.i202604.nc MLD_003.nwa.full.ss_fcast.monthly.regrid.r20250710.enss.i202607.nc MLD_003.nwa.full.ss_fcast.monthly.regrid.r20250710.enss.i202510.nc,"in 1 other variables' files (shapes ['[12, 10, 844, 774]', '[12, 9, 844, 774]'])"
hygiene,bundled-extra-variable,northwest_atlantic/full_domain/seasonal_forecast/monthly/regrid/r20250710,btm_co3_ion_anom,4,btm_co3_ion.nwa.full.ss_fcast.monthly.regrid.r20250710.enss.i202607.nc btm_co3_ion.nwa.full.ss_fcast.monthly.regrid.r20250710.enss.i202601.nc btm_co3_ion.nwa.full.ss_fcast.monthly.regrid.r20250710.enss.i202604.nc btm_co3_ion.nwa.full.ss_fcast.monthly.regrid.r20250710.enss.i202510.nc,"in 1 other variables' files (shapes ['[12, 10, 844, 774]', '[12, 9, 844, 774]'])"
hygiene,bundled-extra-variable,northwest_atlantic/full_domain/seasonal_forecast/monthly/regrid/r20250710,btm_co3_sol_arag_anom,4,btm_co3_sol_arag.nwa.full.ss_fcast.monthly.regrid.r20250710.enss.i202604.nc btm_co3_sol_arag.nwa.full.ss_fcast.monthly.regrid.r20250710.enss.i202607.nc btm_co3_sol_arag.nwa.full.ss_fcast.monthly.regrid.r20250710.enss.i202601.nc btm_co3_sol_arag.nwa.full.ss_fcast.monthly.regrid.r20250710.enss.i202510.nc,"in 1 other variables' files (shapes ['[12, 10, 844, 774]', '[12, 9, 844, 774]'])"
hygiene,bundled-extra-variable,northwest_atlantic/full_domain/seasonal_forecast/monthly/regrid/r20250710,btm_htotal_anom,4,btm_htotal.nwa.full.ss_fcast.monthly.regrid.r20250710.enss.i202601.nc btm_htotal.nwa.full.ss_fcast.monthly.regrid.r20250710.enss.i202604.nc btm_htotal.nwa.full.ss_fcast.monthly.regrid.r20250710.enss.i202510.nc btm_htotal.nwa.full.ss_fcast.monthly.regrid.r20250710.enss.i202607.nc,"in 1 other variables' files (shapes ['[12, 10, 844, 774]', '[12, 9, 844, 774]'])"
hygiene,bundled-extra-variable,northwest_atlantic/full_domain/seasonal_forecast/monthly/regrid/r20250710,btm_o2_anom,4,btm_o2.nwa.full.ss_fcast.monthly.regrid.r20250710.enss.i202601.nc btm_o2.nwa.full.ss_fcast.monthly.regrid.r20250710.enss.i202607.nc btm_o2.nwa.full.ss_fcast.monthly.regrid.r20250710.enss.i202604.nc btm_o2.nwa.full.ss_fcast.monthly.regrid.r20250710.enss.i202510.nc,"in 1 other variables' files (shapes ['[12, 10, 844, 774]', '[12, 9, 844, 774]'])"
hygiene,bundled-extra-variable,northwest_atlantic/full_domain/seasonal_forecast/monthly/regrid/r20250710,dissicos_anom,4,dissicos.nwa.full.ss_fcast.monthly.regrid.r20250710.enss.i202604.nc dissicos.nwa.full.ss_fcast.monthly.regrid.r20250710.enss.i202601.nc dissicos.nwa.full.ss_fcast.monthly.regrid.r20250710.enss.i202607.nc dissicos.nwa.full.ss_fcast.monthly.regrid.r20250710.enss.i202510.nc,"in 1 other variables' files (shapes ['[12, 10, 844, 774]', '[12, 9, 844, 774]'])"
hygiene,bundled-extra-variable,northwest_atlantic/full_domain/seasonal_forecast/monthly/regrid/r20250710,no3os_anom,4,no3os.nwa.full.ss_fcast.monthly.regrid.r20250710.enss.i202601.nc no3os.nwa.full.ss_fcast.monthly.regrid.r20250710.enss.i202604.nc no3os.nwa.full.ss_fcast.monthly.regrid.r20250710.enss.i202510.nc no3os.nwa.full.ss_fcast.monthly.regrid.r20250710.enss.i202607.nc,"in 1 other variables' files (shapes ['[12, 10, 844, 774]', '[12, 9, 844, 774]'])"
hygiene,bundled-extra-variable,northwest_atlantic/full_domain/seasonal_forecast/monthly/regrid/r20250710,pco2surf_anom,4,pco2surf.nwa.full.ss_fcast.monthly.regrid.r20250710.enss.i202601.nc pco2surf.nwa.full.ss_fcast.monthly.regrid.r20250710.enss.i202604.nc pco2surf.nwa.full.ss_fcast.monthly.regrid.r20250710.enss.i202607.nc pco2surf.nwa.full.ss_fcast.monthly.regrid.r20250710.enss.i202510.nc,"in 1 other variables' files (shapes ['[12, 10, 844, 774]', '[12, 9, 844, 774]'])"
hygiene,bundled-extra-variable,northwest_atlantic/full_domain/seasonal_forecast/monthly/regrid/r20250710,phos_anom,4,phos.nwa.full.ss_fcast.monthly.regrid.r20250710.enss.i202604.nc phos.nwa.full.ss_fcast.monthly.regrid.r20250710.enss.i202601.nc phos.nwa.full.ss_fcast.monthly.regrid.r20250710.enss.i202607.nc phos.nwa.full.ss_fcast.monthly.regrid.r20250710.enss.i202510.nc,"in 1 other variables' files (shapes ['[12, 10, 844, 774]', '[12, 9, 844, 774]'])"
hygiene,bundled-extra-variable,northwest_atlantic/full_domain/seasonal_forecast/monthly/regrid/r20250710,po4os_anom,4,po4os.nwa.full.ss_fcast.monthly.regrid.r20250710.enss.i202601.nc po4os.nwa.full.ss_fcast.monthly.regrid.r20250710.enss.i202604.nc po4os.nwa.full.ss_fcast.monthly.regrid.r20250710.enss.i202607.nc po4os.nwa.full.ss_fcast.monthly.regrid.r20250710.enss.i202510.nc,"in 1 other variables' files (shapes ['[12, 10, 844, 774]', '[12, 9, 844, 774]'])"
hygiene,bundled-extra-variable,northwest_atlantic/full_domain/seasonal_forecast/monthly/regrid/r20250710,sfc_co3_ion_anom,4,sfc_co3_ion.nwa.full.ss_fcast.monthly.regrid.r20250710.enss.i202601.nc sfc_co3_ion.nwa.full.ss_fcast.monthly.regrid.r20250710.enss.i202604.nc sfc_co3_ion.nwa.full.ss_fcast.monthly.regrid.r20250710.enss.i202607.nc sfc_co3_ion.nwa.full.ss_fcast.monthly.regrid.r20250710.enss.i202510.nc,"in 1 other variables' files (shapes ['[12, 10, 844, 774]', '[12, 9, 844, 774]'])"
hygiene,bundled-extra-variable,northwest_atlantic/full_domain/seasonal_forecast/monthly/regrid/r20250710,sfc_co3_sol_arag_anom,4,sfc_co3_sol_arag.nwa.full.ss_fcast.monthly.regrid.r20250710.enss.i202604.nc sfc_co3_sol_arag.nwa.full.ss_fcast.monthly.regrid.r20250710.enss.i202607.nc sfc_co3_sol_arag.nwa.full.ss_fcast.monthly.regrid.r20250710.enss.i202601.nc sfc_co3_sol_arag.nwa.full.ss_fcast.monthly.regrid.r20250710.enss.i202510.nc,"in 1 other variables' files (shapes ['[12, 10, 844, 774]', '[12, 9, 844, 774]'])"
hygiene,bundled-extra-variable,northwest_atlantic/full_domain/seasonal_forecast/monthly/regrid/r20250710,sios_anom,4,sios.nwa.full.ss_fcast.monthly.regrid.r20250710.enss.i202601.nc sios.nwa.full.ss_fcast.monthly.regrid.r20250710.enss.i202607.nc sios.nwa.full.ss_fcast.monthly.regrid.r20250710.enss.i202604.nc sios.nwa.full.ss_fcast.monthly.regrid.r20250710.enss.i202510.nc,"in 1 other variables' files (shapes ['[12, 10, 844, 774]', '[12, 9, 844, 774]'])"
hygiene,bundled-extra-variable,northwest_atlantic/full_domain/seasonal_forecast/monthly/regrid/r20250710,sob_anom,4,sob.nwa.full.ss_fcast.monthly.regrid.r20250710.enss.i202601.nc sob.nwa.full.ss_fcast.monthly.regrid.r20250710.enss.i202607.nc sob.nwa.full.ss_fcast.monthly.regrid.r20250710.enss.i202604.nc sob.nwa.full.ss_fcast.monthly.regrid.r20250710.enss.i202510.nc,"in 1 other variables' files (shapes ['[12, 10, 844, 774]', '[12, 9, 844, 774]'])"
hygiene,bundled-extra-variable,northwest_atlantic/full_domain/seasonal_forecast/monthly/regrid/r20250710,sos_anom,4,sos.nwa.full.ss_fcast.monthly.regrid.r20250710.enss.i202601.nc sos.nwa.full.ss_fcast.monthly.regrid.r20250710.enss.i202604.nc sos.nwa.full.ss_fcast.monthly.regrid.r20250710.enss.i202607.nc sos.nwa.full.ss_fcast.monthly.regrid.r20250710.enss.i202510.nc,"in 1 other variables' files (shapes ['[12, 10, 844, 774]', '[12, 9, 844, 774]'])"
hygiene,bundled-extra-variable,northwest_atlantic/full_domain/seasonal_forecast/monthly/regrid/r20250710,talkos_anom,4,talkos.nwa.full.ss_fcast.monthly.regrid.r20250710.enss.i202601.nc talkos.nwa.full.ss_fcast.monthly.regrid.r20250710.enss.i202604.nc talkos.nwa.full.ss_fcast.monthly.regrid.r20250710.enss.i202607.nc talkos.nwa.full.ss_fcast.monthly.regrid.r20250710.enss.i202510.nc,"in 1 other variables' files (shapes ['[12, 10, 844, 774]', '[12, 9, 844, 774]'])"
hygiene,bundled-extra-variable,northwest_atlantic/full_domain/seasonal_forecast/monthly/regrid/r20250710,tob_anom,4,tob.nwa.full.ss_fcast.monthly.regrid.r20250710.enss.i202601.nc tob.nwa.full.ss_fcast.monthly.regrid.r20250710.enss.i202510.nc tob.nwa.full.ss_fcast.monthly.regrid.r20250710.enss.i202607.nc tob.nwa.full.ss_fcast.monthly.regrid.r20250710.enss.i202604.nc,"in 1 other variables' files (shapes ['[12, 10, 844, 774]', '[12, 9, 844, 774]'])"
hygiene,bundled-extra-variable,northwest_atlantic/full_domain/seasonal_forecast/monthly/regrid/r20250710,tos_anom,4,tos.nwa.full.ss_fcast.monthly.regrid.r20250710.enss.i202604.nc tos.nwa.full.ss_fcast.monthly.regrid.r20250710.enss.i202601.nc tos.nwa.full.ss_fcast.monthly.regrid.r20250710.enss.i202607.nc tos.nwa.full.ss_fcast.monthly.regrid.r20250710.enss.i202510.nc,"in 1 other variables' files (shapes ['[12, 10, 844, 774]', '[12, 9, 844, 774]'])"
hygiene,bundled-extra-variable,northwest_atlantic/full_domain/seasonal_reforecast/monthly/raw/r20250413,sob_anom,120,sob.nwa.full.ss_refcast.monthly.raw.r20250413.enss.i199404.nc sob.nwa.full.ss_refcast.monthly.raw.r20250413.enss.i199407.nc sob.nwa.full.ss_refcast.monthly.raw.r20250413.enss.i199410.nc sob.nwa.full.ss_refcast.monthly.raw.r20250413.enss.i199401.nc sob.nwa.full.ss_refcast.monthly.raw.r20250413.enss.i199504.nc ...,"in 1 other variables' files (shapes ['[10, 12, 845, 775]'])"
hygiene,bundled-extra-variable,northwest_atlantic/full_domain/seasonal_reforecast/monthly/raw/r20250413,sos_anom,120,sos.nwa.full.ss_refcast.monthly.raw.r20250413.enss.i199407.nc sos.nwa.full.ss_refcast.monthly.raw.r20250413.enss.i199401.nc sos.nwa.full.ss_refcast.monthly.raw.r20250413.enss.i199404.nc sos.nwa.full.ss_refcast.monthly.raw.r20250413.enss.i199410.nc sos.nwa.full.ss_refcast.monthly.raw.r20250413.enss.i199501.nc ...,"in 1 other variables' files (shapes ['[10, 12, 845, 775]'])"
hygiene,bundled-extra-variable,northwest_atlantic/full_domain/seasonal_reforecast/monthly/raw/r20250413,tob_anom,120,tob.nwa.full.ss_refcast.monthly.raw.r20250413.enss.i199401.nc tob.nwa.full.ss_refcast.monthly.raw.r20250413.enss.i199404.nc tob.nwa.full.ss_refcast.monthly.raw.r20250413.enss.i199407.nc tob.nwa.full.ss_refcast.monthly.raw.r20250413.enss.i199410.nc tob.nwa.full.ss_refcast.monthly.raw.r20250413.enss.i199504.nc ...,"in 1 other variables' files (shapes ['[10, 12, 845, 775]'])"
hygiene,bundled-extra-variable,northwest_atlantic/full_domain/seasonal_reforecast/monthly/raw/r20250413,tos_anom,120,tos.nwa.full.ss_refcast.monthly.raw.r20250413.enss.i199401.nc tos.nwa.full.ss_refcast.monthly.raw.r20250413.enss.i199404.nc tos.nwa.full.ss_refcast.monthly.raw.r20250413.enss.i199410.nc tos.nwa.full.ss_refcast.monthly.raw.r20250413.enss.i199407.nc tos.nwa.full.ss_refcast.monthly.raw.r20250413.enss.i199507.nc ...,"in 1 other variables' files (shapes ['[10, 12, 845, 775]'])"
hygiene,bundled-extra-variable,northwest_atlantic/full_domain/seasonal_reforecast/monthly/regrid/r20250413,sob_anom,120,sob.nwa.full.ss_refcast.monthly.regrid.r20250413.enss.i199410.nc sob.nwa.full.ss_refcast.monthly.regrid.r20250413.enss.i199501.nc sob.nwa.full.ss_refcast.monthly.regrid.r20250413.enss.i199404.nc sob.nwa.full.ss_refcast.monthly.regrid.r20250413.enss.i199407.nc sob.nwa.full.ss_refcast.monthly.regrid.r20250413.enss.i199504.nc ...,"in 1 other variables' files (shapes ['[10, 12, 844, 774]'])"
hygiene,bundled-extra-variable,northwest_atlantic/full_domain/seasonal_reforecast/monthly/regrid/r20250413,sos_anom,120,sos.nwa.full.ss_refcast.monthly.regrid.r20250413.enss.i199401.nc sos.nwa.full.ss_refcast.monthly.regrid.r20250413.enss.i199407.nc sos.nwa.full.ss_refcast.monthly.regrid.r20250413.enss.i199410.nc sos.nwa.full.ss_refcast.monthly.regrid.r20250413.enss.i199404.nc sos.nwa.full.ss_refcast.monthly.regrid.r20250413.enss.i199510.nc ...,"in 1 other variables' files (shapes ['[10, 12, 844, 774]'])"
hygiene,bundled-extra-variable,northwest_atlantic/full_domain/seasonal_reforecast/monthly/regrid/r20250413,tob_anom,120,tob.nwa.full.ss_refcast.monthly.regrid.r20250413.enss.i199404.nc tob.nwa.full.ss_refcast.monthly.regrid.r20250413.enss.i199407.nc tob.nwa.full.ss_refcast.monthly.regrid.r20250413.enss.i199401.nc tob.nwa.full.ss_refcast.monthly.regrid.r20250413.enss.i199504.nc tob.nwa.full.ss_refcast.monthly.regrid.r20250413.enss.i199510.nc ...,"in 1 other variables' files (shapes ['[10, 12, 844, 774]'])"
hygiene,bundled-extra-variable,northwest_atlantic/full_domain/seasonal_reforecast/monthly/regrid/r20250413,tos_anom,120,tos.nwa.full.ss_refcast.monthly.regrid.r20250413.enss.i199401.nc tos.nwa.full.ss_refcast.monthly.regrid.r20250413.enss.i199404.nc tos.nwa.full.ss_refcast.monthly.regrid.r20250413.enss.i199407.nc tos.nwa.full.ss_refcast.monthly.regrid.r20250413.enss.i199410.nc tos.nwa.full.ss_refcast.monthly.regrid.r20250413.enss.i199501.nc ...,"in 1 other variables' files (shapes ['[10, 12, 844, 774]'])"
single-group,bundled-extra-variable,pacific_islands/full_domain/hindcast/monthly/raw/r20260427,volcello,66,chl_Md.pci.full.hcast.monthly.raw.r20260427.199301-202512.nc chl_Di.pci.full.hcast.monthly.raw.r20260427.199301-202512.nc calc.pci.full.hcast.monthly.raw.r20260427.199301-202512.nc chl_Sm.pci.full.hcast.monthly.raw.r20260427.199301-202512.nc chl.pci.full.hcast.monthly.raw.r20260427.199301-202512.nc ...,"in 66 other variables' files (shapes ['[396, 52, 539, 725]']); it also has its own file, so a naive merge sees two copies"
hygiene,forecast-schedule-and-layout,northwest_atlantic/full_domain/decadal_forecast/monthly/raw/r20250925,,1098,,"61 inits 196501..202501, init months [1]; leading dims member/lead"
hygiene,forecast-schedule-and-layout,northwest_atlantic/full_domain/decadal_forecast/monthly/regrid/r20250925,,1098,,"61 inits 196501..202501, init months [1]; leading dims member/lead"
hygiene,forecast-schedule-and-layout,northwest_atlantic/full_domain/decadal_forecast/yearly/raw/r20250819,,366,,"61 inits 196501..202501, init months [1]; leading dims member/lead"
hygiene,forecast-schedule-and-layout,northwest_atlantic/full_domain/decadal_forecast/yearly/regrid/r20250819,,366,,"61 inits 196501..202501, init months [1]; leading dims member/lead"
concat,forecast-shape-varies,northwest_atlantic/full_domain/seasonal_forecast/monthly/raw/r20250710,,72,,"[12, 10]: 54 | [12, 9]: 18"
concat,forecast-chunks-varies,northwest_atlantic/full_domain/seasonal_forecast/monthly/raw/r20250710,,72,,"[12, 10, 200, 200]: 54 | [12, 9, 200, 200]: 18"
hygiene,forecast-schedule-and-layout,northwest_atlantic/full_domain/seasonal_forecast/monthly/raw/r20250710,,72,,"4 inits 202510..202607, init months [10]; leading dims lead/member"
concat,forecast-shape-varies,northwest_atlantic/full_domain/seasonal_forecast/monthly/regrid/r20250710,,72,,"[12, 10]: 54 | [12, 9]: 18"
concat,forecast-chunks-varies,northwest_atlantic/full_domain/seasonal_forecast/monthly/regrid/r20250710,,72,,"[12, 10, 200, 200]: 54 | [4, 3, 282, 258]: 18"
hygiene,forecast-schedule-and-layout,northwest_atlantic/full_domain/seasonal_forecast/monthly/regrid/r20250710,,72,,"4 inits 202510..202607, init months [10]; leading dims lead/member"
hygiene,forecast-schedule-and-layout,northwest_atlantic/full_domain/seasonal_reforecast/monthly/raw/r20250413,,480,,"120 inits 199401..202310, init months [1, 4, 7, 10]; leading dims member/lead"
hygiene,forecast-schedule-and-layout,northwest_atlantic/full_domain/seasonal_reforecast/monthly/regrid/r20250413,,480,,"120 inits 199401..202310, init months [1, 4, 7, 10]; leading dims member/lead"
concat,forecast-lead-encoding,northwest_atlantic/full_domain/decadal_forecast/monthly/raw/r20250925,lead,1098,,"units {'days since <date>': 1098}; lengths {120: 1098}; lead is days since the init date and decodes to absolute dates that change with each init (units 'days since <init>'), so inits can't share one lead coordinate without decode_times=False or re-encoding"
concat,forecast-lead-encoding,northwest_atlantic/full_domain/decadal_forecast/monthly/regrid/r20250925,lead,1098,,"units {'days since <date>': 1098}; lengths {120: 1098}; lead is days since the init date and decodes to absolute dates that change with each init (units 'days since <init>'), so inits can't share one lead coordinate without decode_times=False or re-encoding"
concat,forecast-lead-encoding,northwest_atlantic/full_domain/decadal_forecast/yearly/raw/r20250819,lead,366,,"units {'days since <date>': 366}; lengths {10: 366}; lead is days since the init date and decodes to absolute dates that change with each init (units 'days since <init>'), so inits can't share one lead coordinate without decode_times=False or re-encoding"
concat,forecast-lead-encoding,northwest_atlantic/full_domain/decadal_forecast/yearly/regrid/r20250819,lead,366,,"units {'days since <date>': 366}; lengths {10: 366}; lead is days since the init date and decodes to absolute dates that change with each init (units 'days since <init>'), so inits can't share one lead coordinate without decode_times=False or re-encoding"
hygiene,forecast-lead-encoding,northwest_atlantic/full_domain/seasonal_forecast/monthly/raw/r20250710,lead,72,,units {'months': 72}; lengths {12: 72}; lead identical across inits
hygiene,forecast-lead-encoding,northwest_atlantic/full_domain/seasonal_forecast/monthly/regrid/r20250710,lead,72,,units {'months': 72}; lengths {12: 72}; lead identical across inits
hygiene,forecast-lead-encoding,northwest_atlantic/full_domain/seasonal_reforecast/monthly/raw/r20250413,lead,480,,units {'None': 480}; lengths {12: 480}; lead identical across inits
hygiene,forecast-lead-encoding,northwest_atlantic/full_domain/seasonal_reforecast/monthly/regrid/r20250413,lead,480,,units {'None': 480}; lengths {12: 480}; lead identical across inits
